Workbook

Sheet Read Me
A1: PlantProcess IQ — Task List v13 · 31 May 2026
A2: Net-new backlog. Canonical base: Product Vision & Engineering Doctrine v2.0 (via the Version Improvement Analysis). Every task is 0% done.
A3: What this workbook is | B3: A from-scratch backlog of the work that REMAINS to reach the canonical target. It deliberately contains no Done or Partial items - every task is scoped to its unbuilt slice, so the whole list is 0% complete and can be executed top-to-bottom without parsing statuses.
A4: The base (target state) | B4: Product Vision & Engineering Doctrine v2.0 is the single source of truth, with Architecture v3 as its design companion (per the Version Improvement Analysis recommendation). Each task carries a 'Spec Anchor' back to the exact doctrine section it satisfies.
A5: The current state | B5: Derived from the 31-May implementation snapshot (1,004 files) as captured in the Implementation Validation report and confirmed by direct code search. Capabilities already built are excluded (see the 'Excluded - Already Built' sheet for the audit trail).
A6: How a task qualifies | B6: A task appears here only if its concrete deliverable does NOT yet exist in the code. For capabilities that are partially built, only the missing slice is listed, re-scoped as a clean, self-contained, 0%-done task with a fresh ID.
A7: Relationship to the old list | B7: v13 is not a re-status of the prior list. It is a clean re-derivation of remaining work; prior Done/Partial/Not-Started labels are not carried over. Where a v13 task corresponds to the unfinished part of an older item, the Description + Spec Anchor make the new scope explicit.
A8: ID scheme | B8: PPIQ-N### (N = net-new). 75 tasks across 11 execution phases (N-P1 ... N-P11), sequenced by dependency and commercial priority. Status is uniformly 'Not Started' and Completion % is uniformly 0 by design.
A9: Column legend | B9: Spec Anchor = the Vision/Architecture/Validation reference the task satisfies. Dependencies = task IDs that should land first. Acceptance Criteria = the testable 'done' bar. Effort = engineering hours (indicative).
A10: Sheets | B10: 'v13 Backlog' = the tasks. 'Phase Plan' = execution order with live counts + effort. 'Coverage Map' = every Vision v2.0 area -> the tasks that complete it. 'Excluded - Already Built' = what was left out and why.

Sheet v13 Backlog
A1: v13 Backlog — net-new remaining work (every task 0% done)
A2: Task ID | B2: Task Name | C2: Phase | D2: Track | E2: Module | F2: Submodule | G2: Severity | H2: Description | I2: Acceptance Criteria | J2: Spec Anchor | K2: Dependencies | L2: Task Type | M2: Effort (hrs) | N2: Status | O2: Completion %
A3: N-P1 · Security, Access & Trust Closeout
A4: PPIQ-N001 | B4: Move the access token off localStorage to an httpOnly cookie | C4: N-P1 · Security, Access & Trust Closeout | D4: Track 2 — Hardening | E4: App Frontend | F4: Auth / Token Storage | G4: very important | H4: Current: the access token is persisted in localStorage, where any XSS can read it (Validation F4). Build: relocate the token to an httpOnly + SameSite cookie (or in-memory store with silent refresh) and remove every localStorage token read/write. | I4: 1) No localStorage token access remains in the bundle. 2) Auth survives a page reload via cookie/refresh. 3) Injected script cannot read the token. 4) Existing auth e2e stays green. | J4: Validation F4 | Vision 10.1 | K4: - | L4: Security | M4: 8 | N4: Not Started | O4: 0
A5: PPIQ-N002 | B5: Define & enforce the RBAC permission matrix | C5: N-P1 · Security, Access & Trust Closeout | D5: Track 2 — Hardening | E5: App Backend | F5: Access Control / RBAC | G5: critical | H5: Current: role/tenant primitives exist but no explicit permission matrix is enforced per endpoint/feature. Build: a permission catalog (resource x action), a central policy mapping roles to permissions, and authorization attributes on every endpoint group; deny by default. | I5: 1) A matrix test asserts each role's allowed/denied set on every endpoint group. 2) Default is deny. 3) The matrix is data-driven and documented (feeds N005). | J5: Vision (User/Role residual) | v3 3.8 | K5: - | L5: Feature | M5: 16 | N5: Not Started | O5: 0
A6: PPIQ-N003 | B6: Resolve license x role at the corner cases (single entitlement authority) | C6: N-P1 · Security, Access & Trust Closeout | D6: Track 2 — Hardening | E6: App Backend | F6: Entitlement Resolution | G6: very important | H6: Current: LicenseTier primitives are present but the interaction with roles is not centrally resolved or tested. Build: one Entitlement resolver = f(tier, role) -> capability set, read by both API and UI, with corner-case coverage (Enterprise-admin vs Pro-operator, etc.). | I6: 1) A single resolver authority exists. 2) UI hides/disables exactly what the API forbids. 3) Corner-case unit tests pass. | J6: Vision 4 | v3 3.8 | K6: PPIQ-N002 | L6: Feature | M6: 12 | N6: Not Started | O6: 0
A7: PPIQ-N004 | B7: Tenant-isolation integration tests across data, ML & assistant paths | C7: N-P1 · Security, Access & Trust Closeout | D7: Track 2 — Hardening | E7: App Backend | F7: Multi-tenancy | G7: critical | H7: Current: TenantId scaffolding exists but isolation is not proven by test. Build: integration tests proving a tenant can never read another tenant's dumps, mappings, findings, suggestions or knowledge-base chunks. | I7: 1) Cross-tenant access returns 403/empty at repo, query, ML-result and KB-retrieval layers. 2) Tests run in CI and gate regressions. | J7: v3 3.8 | Vision 10 | K7: - | L7: Test | M7: 10 | N7: Not Started | O7: 0
A8: PPIQ-N005 | B8: Author the 'User, Role & Access + Audit' doctrine section (the lone residual gap) | C8: N-P1 · Security, Access & Trust Closeout | D8: Track 2 — Hardening | E8: Documentation | F8: Canonical Spec | G8: very important | H8: Current: Vision v2.0 has no dedicated access-control section - the one heading the original draft left blank. Build: add the section (role catalog, RBAC matrix, license x role interaction, tenant-isolation model, immutable audit-log contract) to the canonical document. | I8: 1) Section added to Vision v2.0 and cross-referenced from v3. 2) It matches the implemented matrix (N002/N003). 3) Reviewed against the Improvement Analysis edit #1. | J8: Improvement Analysis 7 (edit 1) | K8: PPIQ-N002,PPIQ-N003,PPIQ-N004 | L8: Documentation | M8: 6 | N8: Not Started | O8: 0
A9: PPIQ-N006 | B9: Immutable audit-log coverage for every privileged action | C9: N-P1 · Security, Access & Trust Closeout | D9: Track 2 — Hardening | E9: App Backend | F9: Audit Log | G9: very important | H9: Current: audit-log immutability exists (script 096) but action coverage is incomplete. Build: append-only, tamper-evident entries for auth, config writes, mapping/materialize, job control, license/role changes and data exports, each with actor/tenant/before-after. | I9: 1) Each privileged action writes exactly one immutable entry. 2) An integration test enumerates the covered actions. 3) Entries are provably read-only. | J9: Vision 8/10 | v3 3.8 | K9: PPIQ-N002 | L9: Feature | M9: 8 | N9: Not Started | O9: 0
A10: PPIQ-N007 | B10: Fix the SQL syntax error seen during ordered-script application | C10: N-P1 · Security, Access & Trust Closeout | D10: Track 2 — Hardening | E10: Database | F10: Migration / Scripts | G10: very important | H10: Current: a syntax error surfaces while applying the ordered script set; root cause unconfirmed. Build: reproduce on a fresh DB, isolate the offending statement, fix it, and add the apply to the fail-on-error gate. | I10: 1) The full ordered set applies cleanly under ON_ERROR_STOP=1 on a fresh DB and a staging clone, BOM-free. 2) A CI step proves it. | J10: Validation | Vision 10.3 | K10: - | L10: Bug | M10: 5 | N10: Not Started | O10: 0
A11: N-P2 · The Value Model
A12: PPIQ-N008 | B12: Value/Impact computation engine (finding -> quantified impact) | C12: N-P2 · The Value Model | D12: Track 1 — Workflow | E12: App Backend | F12: Value Model | G12: critical | H12: Current: no code converts a finding into a monetary/operational figure - the architecture's biggest commercial lever (Validation F1). Build: a deterministic engine that, given a validated finding + tenant cost assumptions, computes a bounded impact (EUR/month from defect-rate delta, yield, downtime) with provenance and an explicit abstain path. | I12: 1) Returns a decomposed impact with every input cited. 2) Returns 'insufficient basis' instead of a guess when assumptions are missing. 3) Unit-tested on known vectors. | J12: Validation F1 | v3 5 | K12: - | L12: Feature | M12: 16 | N12: Not Started | O12: 0
A13: PPIQ-N009 | B13: Per-tenant cost-assumption configuration (inputs + demo defaults) | C13: N-P2 · The Value Model | D13: Track 1 — Workflow | E13: App Frontend | F13: Value Model | G13: very important | H13: Current: absent (0 code hits). Build: an admin surface + persisted, versioned model for cost inputs (cost/ton, scrap cost, downtime EUR/min, energy EUR/MWh, grade premiums), with realistic demo defaults, consumed by N008. | I13: 1) Assumptions are tenant-scoped, HMI-editable and versioned. 2) They feed the impact engine. 3) The demo tenant ships with realistic defaults. | J13: v3 5 | K13: PPIQ-N008 | L13: Feature | M13: 10 | N13: Not Started | O13: 0
A14: PPIQ-N010 | B14: ROI presentation contract (evidence-first, never overstated) | C14: N-P2 · The Value Model | D14: Track 1 — Workflow | E14: App Frontend | F14: Value Model | G14: very important | H14: Current: absent. Build: a presentation contract that renders impact as a ranged, evidence-linked figure with its assumption set and honesty caveats, in the suggestion feed and the assistant; forbidden from asserting a guaranteed saving. | I14: 1) Every impact figure shows inputs + range + drill-through. 2) Honesty-lint rejects 'guaranteed'/'will save'. 3) Snapshot tests cover the rendered contract. | J14: v3 5 | Vision 3 (honesty) | K14: PPIQ-N008,PPIQ-N009 | L14: Feature | M14: 8 | N14: Not Started | O14: 0
A15: N-P3 · Intelligence Core Completion
A16: PPIQ-N011 | B16: Add Spearman, mutual information & Lasso to the correlation compute engine | C16: N-P3 · Intelligence Core Completion | D16: Track 1 — Workflow | E16: App Backend | F16: Correlation Methods | G16: very important | H16: Current: Pearson, point-biserial and Cramer's V are implemented; Spearman, mutual information and Lasso are not (Validation F2). Build: implement Spearman (monotonic/ordinal), mutual information (non-linear) and Lasso multivariate screening behind the existing compute-engine interface, auto-selected by variable-pair type. | I16: 1) Each method computes correctly on golden vectors. 2) Method is auto-selected per variable-pair type. 3) Results persist with a method tag. | J16: Vision 3.2.1 | Validation F2 | K16: - | L16: Feature | M16: 16 | N16: Not Started | O16: 0
A17: PPIQ-N012 | B17: Add the missing validity machinery: VIF, bootstrap stability, confounding/stratification | C17: N-P3 · Intelligence Core Completion | D17: Track 1 — Workflow | E17: App Backend | F17: Statistical Validity | G17: very important | H17: Current: BH q-values, effect-size-first ranking, power and effective-n-by-heat exist; VIF, bootstrap stability and confounding/stratification checks do not. Build: variance-inflation screening, bootstrap stability flags and confounder stratification over the association results. | I17: 1) Each association carries a stability flag + VIF. 2) Stratified checks surface confounds. 3) Golden-dataset tests confirm spurious associations are demoted. | J17: Vision 3.2.2 | Validation F2 | K17: PPIQ-N011 | L17: Feature | M17: 14 | N17: Not Started | O17: 0
A18: PPIQ-N013 | B18: Per-job scheduling, backoff & MlReadiness governance gates | C18: N-P3 · Intelligence Core Completion | D18: Track 1 — Workflow | E18: App Backend | F18: ML Scheduling | G18: very important | H18: Current: per-source scheduling exists; ML-job readiness gating and backoff do not. Build: a readiness gate evaluated before each learning run (enough independent heats, freshness) with reschedule-on-not-ready and exponential backoff on failure. | I18: 1) A job refuses to run on insufficient/not-ready data and reschedules. 2) Backoff is observed on repeated failure. 3) Gate decisions are logged and visible in the Jobs Monitor. | J18: Vision 3.2.2 | K18: - | L18: Feature | M18: 10 | N18: Not Started | O18: 0
A19: PPIQ-N014 | B19: Persist the extended correlation result + wire it into the Jobs Monitor | C19: N-P3 · Intelligence Core Completion | D19: Track 1 — Workflow | E19: App Backend | F19: Results / Monitoring | G19: important | H19: Current: a base correlation result exists; extended fields and monitor integration are incomplete. Build: persist effect size, q-value, effective-n, stability, VIF and method per association, and surface each learning run's outcome/duration in the Jobs Monitor. | I19: 1) Extended columns are populated. 2) The Jobs Monitor shows last run/outcome/duration for every learning job. 3) The query is tested. | J19: Vision 2.2.6/3.2 | K19: PPIQ-N012,PPIQ-N013 | L19: Feature | M19: 8 | N19: Not Started | O19: 0
A20: PPIQ-N015 | B20: Golden-dataset test suite for the learning engine | C20: N-P3 · Intelligence Core Completion | D20: Track 1 — Workflow | E20: Backend Tests | F20: ML Tests | G20: very important | H20: Current: engine tests are partial. Build: fixture datasets with known injected associations (and known nulls) that assert recovery of true signals and rejection of spurious ones under FDR. | I20: 1) True associations are recovered with the correct method/effect. 2) Injected spurious signals are rejected. 3) The suite runs in CI and gates regressions. | J20: Vision 8 (results & math) | K20: PPIQ-N011,PPIQ-N012 | L20: Test | M20: 10 | N20: Not Started | O20: 0
A21: N-P4 · Risk Scorer Hardening
A22: PPIQ-N016 | B22: Risk-score calibration & reliability check | C22: N-P4 · Risk Scorer Hardening | D22: Track 1 — Workflow | E22: App Backend | F22: Risk Scorer | G22: important | H22: Current: the additive, decomposable scorer exists; calibration/reliability is absent (0 hits). Build: reliability-curve / Brier calibration on held-out data, surfaced alongside the score. | I22: 1) Calibration is computed and stored. 2) A miscalibrated model is flagged. 3) Tested on a synthetic labelled set. | J22: Vision 3.4 | K22: - | L22: Feature | M22: 10 | N22: Not Started | O22: 0
A23: PPIQ-N017 | B23: Complete the model registry: provenance & reproducibility | C23: N-P4 · Risk Scorer Hardening | D23: Track 1 — Workflow | E23: App Backend | F23: Model Registry | G23: important | H23: Current: registry scaffolding exists; provenance/repro linkage is incomplete. Build: link every persisted score to its inputs, feature snapshot and model version so a run is reproducible from the registry. | I23: 1) The score->inputs->version chain is queryable. 2) Re-running a registered version reproduces the score. 3) Integration-tested. | J23: Vision 3.4 | K23: PPIQ-N016 | L23: Feature | M23: 10 | N23: Not Started | O23: 0
A24: PPIQ-N018 | B24: Drift monitoring & champion/challenger promotion | C24: N-P4 · Risk Scorer Hardening | D24: Track 1 — Workflow | E24: App Backend | F24: Model Lifecycle | G24: important | H24: Current: absent (0 hits). Build: population-stability drift monitoring on features/outcomes and a champion/challenger promotion workflow gated on calibration + drift. | I24: 1) Drift is surfaced with a metric + threshold. 2) A challenger promotes only when it beats champion on calibration/stability. 3) Promotion is audited. | J24: Vision 3.4 | K24: PPIQ-N016,PPIQ-N017 | L24: Feature | M24: 12 | N24: Not Started | O24: 0
A25: N-P5 · Inspection -> Generated Pages
A26: PPIQ-N019 | B26: Inspection Job runner - on-demand analysis with progress | C26: N-P5 · Inspection -> Generated Pages | D26: Track 1 — Workflow | E26: App Backend | F26: Inspection Jobs | G26: very important | H26: Current: the inspection-job domain/endpoints are partial; the on-demand runner with progress is absent. Build: a runner that executes a selected defect/downtime/KPI investigation over a window, emitting a progress percentage. | I26: 1) A run streams progress and cancels cleanly. 2) It never hangs (global timeout). 3) It produces a structured result object. | J26: Vision 3.3 | K26: - | L26: Feature | M26: 12 | N26: Not Started | O26: 0
A27: PPIQ-N020 | B27: Auto-generate the analysis page from an inspection result (no hardcoding) | C27: N-P5 · Inspection -> Generated Pages | D27: Track 1 — Workflow | E27: App Frontend | F27: Generated Pages | G27: very important | H27: Current: absent. Build: from a run result, generate a page of widgets/charts showing the most influential parameters, persisted as a normal Page Definition. | I27: 1) The page is data-driven (no hardcoded layout). 2) It opens in the Correlation area as its own tab. 3) It is editable/savable like any page. | J27: Vision 3.3 | K27: PPIQ-N019 | L27: Feature | M27: 12 | N27: Not Started | O27: 0
A28: PPIQ-N021 | B28: Schedule inspection jobs periodically + Jobs Monitor integration | C28: N-P5 · Inspection -> Generated Pages | D28: Track 1 — Workflow | E28: App Backend | F28: Inspection Jobs | G28: important | H28: Current: absent. Build: let a saved inspection job run on a cadence or on demand, with status/duration reported in the Jobs Monitor. | I28: 1) Scheduled re-runs appear in the monitor. 2) 'Run now' works on demand. 3) Failures are visible and recoverable. | J28: Vision 3.3 | K28: PPIQ-N019 | L28: Feature | M28: 8 | N28: Not Started | O28: 0
A29: PPIQ-N022 | B29: E2E for the run -> generate -> save -> schedule loop | C29: N-P5 · Inspection -> Generated Pages | D29: Track 1 — Workflow | E29: Frontend Tests | F29: Inspection Tests | G29: important | H29: Current: absent. Build: an e2e that drives the full inspection lifecycle through the HMI. | I29: 1) The loop passes headless. 2) The generated page renders all widgets. 3) No 'could not be loaded' appears anywhere in the flow. | J29: Vision 8 | K29: PPIQ-N020,PPIQ-N021 | L29: Test | M29: 6 | N29: Not Started | O29: 0
A30: N-P6 · The AI Assistant
A31: PPIQ-N023 | B31: Suggestion engine - rule-based, evidence-linked, impact-ranked | C31: N-P6 · The AI Assistant | D31: Track 1 — Workflow | E31: App Backend | F31: Suggestions | G31: very important | H31: Current: prerequisites exist but the engine is absent. Build: a deterministic engine that turns validated findings (+ N008 impact) into ranked, evidence-linked recommendations, gated by tier. | I31: 1) Each suggestion links to its evidence + impact. 2) Ranking is by effect/impact, not p-value. 3) Nothing is emitted without a backing finding. | J31: Vision 3.5.1 | K31: PPIQ-N008,PPIQ-N012 | L31: Feature | M31: 12 | N31: Not Started | O31: 0
A32: PPIQ-N024 | B32: /api/suggestions endpoint + context filtering + license gating | C32: N-P6 · The AI Assistant | D32: Track 1 — Workflow | E32: App Backend | F32: Suggestions | G32: important | H32: Current: absent. Build: a read endpoint with area/defect/time filters, tenant-scoped and tier-gated. | I32: 1) Filters work. 2) Tenants are isolated. 3) Tier gating is enforced and contract-tested. | J32: Vision 3.5.1 | K32: PPIQ-N023,PPIQ-N003 | L32: Feature | M32: 6 | N32: Not Started | O32: 0
A33: PPIQ-N025 | B33: Suggestions & Recommendations page - the proactive feed | C33: N-P6 · The AI Assistant | D33: Track 1 — Workflow | E33: App Frontend | F33: Suggestions | G33: important | H33: Current: absent. Build: a feed UI with drill-through to evidence and the ROI presentation contract. | I33: 1) The feed renders ranked items with citations. 2) Drill-through opens the evidence. 3) Loading/empty/error states are real and recoverable. | J33: Vision 3.5.1 | K33: PPIQ-N024,PPIQ-N010 | L33: Feature | M33: 8 | N33: Not Started | O33: 0
A34: PPIQ-N026 | B34: Complete the knowledge-base ingestion pipeline (findings, cases, docs) | C34: N-P6 · The AI Assistant | D34: Track 1 — Workflow | E34: App Backend | F34: Assistant / KB | G34: important | H34: Current: pgvector + embedding provider exist; the ingestion pipeline is incomplete. Build: ingest findings, saved cases and domain docs into the vector + structured store with provenance, tenant-scoped. | I34: 1) Ingestion is idempotent and tenant-scoped. 2) Chunks carry source provenance. 3) Re-ingest updates cleanly. | J34: Vision 3.5.2 | K34: - | L34: Feature | M34: 10 | N34: Not Started | O34: 0
A35: PPIQ-N027 | B35: Complete the hybrid retrieval pipeline (semantic + structured filters) | C35: N-P6 · The AI Assistant | D35: Track 1 — Workflow | E35: App Backend | F35: Assistant / Retrieval | G35: important | H35: Current: partial. Build: combine semantic search with structured filters (area/defect/time) to select evidence for the agent. | I35: 1) Retrieval respects tenant + filters. 2) Relevance is validated on a fixture set. 3) Latency is bounded. | J35: Vision 3.5.2 | K35: PPIQ-N026 | L35: Feature | M35: 8 | N35: Not Started | O35: 0
A36: PPIQ-N028 | B36: Agent + typed-tool layer (findings, inspection, KPI, genealogy, compare) | C36: N-P6 · The AI Assistant | D36: Track 1 — Workflow | E36: App Backend | F36: Assistant / Agent | G36: very important | H36: Current: absent. Build: an agent that calls typed tools and phrases their structured results; it never computes or invents numbers. | I36: 1) Every figure in an answer traces to a tool result. 2) Tool calls are typed and audited. 3) No free-form math is performed by the model. | J36: Vision 3.5.2 | K36: PPIQ-N027 | L36: Feature | M36: 14 | N36: Not Started | O36: 0
A37: PPIQ-N029 | B37: Conversational assistant UI with citations + drill-through | C37: N-P6 · The AI Assistant | D37: Track 1 — Workflow | E37: App Frontend | F37: Assistant / UI | G37: important | H37: Current: absent. Build: a chat UI rendering answers with inline citations and drill-through to evidence. | I37: 1) Citations resolve to sources. 2) Drill-through works. 3) Loading/error states are real; no fabricated figure passes the grounding guard. | J37: Vision 3.5.2 | K37: PPIQ-N028 | L37: Feature | M37: 10 | N37: Not Started | O37: 0
A38: PPIQ-N030 | B38: Operator feedback loop (useful / acted / dismissed + outcomes) | C38: N-P6 · The AI Assistant | D38: Track 1 — Workflow | E38: App Backend | F38: Assistant / Feedback | G38: normal | H38: Current: absent. Build: capture operator feedback on suggestions/answers and feed it back into the knowledge base as 'experience'. | I38: 1) Feedback is persisted with its outcome. 2) The KB experience updates. 3) It is tenant-scoped and tested. | J38: Vision 3.5.2 | K38: PPIQ-N026,PPIQ-N029 | L38: Feature | M38: 6 | N38: Not Started | O38: 0
A39: PPIQ-N031 | B39: Assistant grounding & honesty-guardrail tests | C39: N-P6 · The AI Assistant | D39: Track 1 — Workflow | E39: Backend Tests | F39: Assistant Tests | G39: very important | H39: Current: absent. Build: tests that the agent never emits a number absent from a tool result/evidence and never uses forbidden vocabulary. | I39: 1) Grounding tests fail on any invented figure. 2) Forbidden-phrase assertions pass. 3) The group runs in CI. | J39: Vision 3 (honesty)/8 | K39: PPIQ-N028 | L39: Test | M39: 8 | N39: Not Started | O39: 0
A40: N-P7 · Workflow & HMI Completion
A41: PPIQ-N032 | B41: Schema-drift detection & surfacing on ingestion | C41: N-P7 · Workflow & HMI Completion | D41: Track 1 — Workflow | E41: App Backend | F41: Ingestion | G41: very important | H41: Current: delta import exists; source schema-drift detection is absent. Build: detect when a source table's shape changes and surface it (rather than silently corrupting the dump) via a typed drift event. | I41: 1) A changed source column/type raises a visible drift warning. 2) The import pauses/quarantines rather than corrupting. 3) Tested with a mutated fixture. | J41: Vision 2.2.3/2.2.4 | K41: - | L41: Feature | M41: 8 | N41: Not Started | O41: 0
A42: PPIQ-N033 | B42: Typed resolver errors for the mapping layer | C42: N-P7 · Workflow & HMI Completion | D42: Track 1 — Workflow | E42: App Backend | F42: Schema Mapping | G42: important | H42: Current: SafeSqlValidator + a base resolver exist; the full typed-error set is incomplete. Build: distinct named resolution errors (NoSuchView, NoSuchColumn, InvalidAggregateForType) surfaced to the HMI at preview and materialize. | I42: 1) Each misconfiguration returns its specific typed error, not a generic failure. 2) The UI shows the precise cause. 3) Unit-tested. | J42: Vision 2.2.4 | K42: - | L42: Feature | M42: 6 | N42: Not Started | O42: 0
A43: PPIQ-N034 | B43: Canonical genealogy spine as a mapping-authored view (not hardcoded SQL) | C43: N-P7 · Workflow & HMI Completion | D43: Track 1 — Workflow | E43: App Backend | F43: Genealogy | G43: very important | H43: Current: a join spine exists partially. Build: derive the heat->ladle->tundish->mould->strand->slab->coil->defect->QA spine through the mapping engine so any coil walks back to melt and forward to defects. | I43: 1) The spine is generated from mappings (no hardcoded SQL). 2) A sample coil resolves both directions. 3) It is consumed by the feature store + assistant and tested. | J43: Vision 2.2.5 | K43: PPIQ-N033 | L43: Feature | M43: 10 | N43: Not Started | O43: 0
A44: PPIQ-N035 | B44: Build the Risk-Intelligence HeatMap widget (line x shift x day) | C44: N-P7 · Workflow & HMI Completion | D44: Track 1 — Workflow | E44: App Frontend | F44: Widgets | G44: very important | H44: Current: the widget is not built (references only). Build: an interactive heat map (filter/sort) as a first-class, tested widget - a signature visual and a frequent failure point. | I44: 1) It renders correctly across viewports. 2) Filter/sort work. 3) A dedicated heat-map test passes; it never shows a fake-failure state. | J44: Vision 5.4 | K44: - | L44: Feature | M44: 10 | N44: Not Started | O44: 0
A45: PPIQ-N036 | B45: Widget script-grammar reference for power users | C45: N-P7 · Workflow & HMI Completion | D45: Track 1 — Workflow | E45: Documentation | F45: Widget Script Layer | G45: normal | H45: Current: the script layer exists; a documented grammar is incomplete. Build: a reference for the per-widget expression grammar (e.g., group-by shift) with examples and validation rules. | I45: 1) The grammar is documented with examples. 2) Each example validates under the safe-SQL checker. 3) It is linked from the widget editor. | J45: Vision 2.3.2 | K45: - | L45: Documentation | M45: 4 | N45: Not Started | O45: 0
A46: PPIQ-N037 | B46: Operator-friendly first-run wizard (empty-state -> first link -> first page) | C46: N-P7 · Workflow & HMI Completion | D46: Track 1 — Workflow | E46: App Frontend | F46: Onboarding | G46: important | H46: Current: absent. Build: a guided empty-state flow taking a new tenant from zero to a first DB link, first mapping and first page. | I46: 1) A fresh tenant reaches a working page via the wizard with no manual config. 2) Each step is skippable/resumable. 3) Tested. | J46: Vision 1 | K46: - | L46: Feature | M46: 8 | N46: Not Started | O46: 0
A47: N-P8 · Presentation-Grade Hardening (Quality Bar)
A48: PPIQ-N038 | B48: Endpoint + SQL resilience audit (PK/FK/null/timeout) across every group | C48: N-P8 · Presentation-Grade Hardening (Quality Bar) | D48: Track 2 — Hardening | E48: App Backend | F48: Resilience | G48: very important | H48: Current: partial. Build: review every endpoint's SQL/joins for PK/FK/null/timeout failure and close each path; add a global timeout so nothing hangs. | I48: 1) No endpoint can hang. 2) PK/FK/null paths return typed bounded errors. 3) An enumerated audit checklist passes. | J48: Vision 2.2/5.2 | K48: - | L48: Hardening | M48: 12 | N48: Not Started | O48: 0
A49: PPIQ-N039 | B49: Progress-percentage UI for long-running endpoints | C49: N-P8 · Presentation-Grade Hardening (Quality Bar) | D49: Track 2 — Hardening | E49: App Frontend | F49: Resilience | G49: important | H49: Current: partial. Build: surface a real progress percentage for anything that can exceed ~2s, backed by a global timeout. | I49: 1) Long operations show progress, not a spinner-forever. 2) A global timeout prevents indefinite hangs. 3) Tested on a slow fixture. | J49: Vision 5.2 | K49: - | L49: Hardening | M49: 6 | N49: Not Started | O49: 0
A50: PPIQ-N040 | B50: Action-matrix e2e - every control on every page does its exact job | C50: N-P8 · Presentation-Grade Hardening (Quality Bar) | D50: Track 2 — Hardening | E50: Frontend Tests | F50: Action Matrix | G50: very important | H50: Current: partial. Build: enumerate every button/tab/hook on every page and sub-page and assert its action by test, including ML and page-builder surfaces. | I50: 1) The action matrix is enumerated and fully green. 2) Coverage is proven by enumeration, not a percentage. 3) Runs in CI. | J50: Vision 5.3 | K50: - | L50: Test | M50: 12 | N50: Not Started | O50: 0
A51: PPIQ-N041 | B51: Complete the Standard* component contract tests | C51: N-P8 · Presentation-Grade Hardening (Quality Bar) | D51: Track 2 — Hardening | E51: Frontend Tests | F51: Standard Components | G51: important | H51: Current: partial. Build: assert every page uses the standard component set and brand styling (no per-page drift) via lint + contract tests. | I51: 1) A non-standard control fails the contract test. 2) Styling drift is caught. 3) Runs in CI. | J51: Vision 5.1 | K51: - | L51: Test | M51: 8 | N51: Not Started | O51: 0
A52: PPIQ-N042 | B52: Responsive + cross-browser + http/https correctness e2e | C52: N-P8 · Presentation-Grade Hardening (Quality Bar) | D52: Track 2 — Hardening | E52: Frontend Tests | F52: Cross-browser | G52: important | H52: Current: partial. Build: e2e across viewports and supported browsers, over http and https, asserting correct reflow. | I52: 1) Pages render correctly on each target viewport/browser and both schemes. 2) The matrix is enumerated and green. | J52: Vision 5.1 | K52: PPIQ-N041 | L52: Test | M52: 10 | N52: Not Started | O52: 0
A53: PPIQ-N043 | B53: Live license-tier toggle + app-wide banner + header badge | C53: N-P8 · Presentation-Grade Hardening (Quality Bar) | D53: Track 2 — Hardening | E53: App Frontend | F53: Licensing UX | G53: very important | H53: Current: tier primitives exist; the live demo toggle/banner/badge are incomplete. Build: a real (non-mocked) toggle that visibly adds/removes capability, an app-wide active-tier banner and a header tier badge in brand colours. | I53: 1) Switching Enterprise->Pro removes specific features live. 2) Banner + badge reflect the active tier. 3) Resolution is centralized (N003) and corner-tested. | J53: Vision 4 | K53: PPIQ-N003 | L53: Feature | M53: 8 | N53: Not Started | O53: 0
A54: PPIQ-N044 | B54: Performance & load test layer with explicit thresholds | C54: N-P8 · Presentation-Grade Hardening (Quality Bar) | D54: Track 2 — Hardening | E54: Backend Tests | F54: Performance | G54: important | H54: Current: absent. Build: perf tests with thresholds (e.g., p95 < 2s; >2s must show progress) on the heavy endpoints, including the heat map and investigation paths. | I54: 1) Thresholds are defined and asserted. 2) A regression past threshold fails CI. 3) The heat map and investigation endpoints are covered. | J54: Vision 8 (endpoints) | K54: PPIQ-N038 | L54: Test | M54: 8 | N54: Not Started | O54: 0
A55: PPIQ-N045 | B55: Connector behavioural integration tests across all six sources (+ CSV/Excel golden files) | C55: N-P8 · Presentation-Grade Hardening (Quality Bar) | D55: Track 2 — Hardening | E55: Backend Tests | F55: Connectors | G55: important | H55: Current: partial. Build: integration tests that each connector reads, tests-before-save and masks credentials, against live PG/MySQL/MSSQL/Oracle plus CSV/Excel golden files. | I55: 1) All six connectors pass behaviourally. 2) Credentials never appear in read-back. 3) Golden files match. | J55: Vision 2.2.1/8 | K55: - | L55: Test | M55: 10 | N55: Not Started | O55: 0
A56: PPIQ-N046 | B56: Endpoint authorization matrix & RFC-7807 contract tests for every group | C56: N-P8 · Presentation-Grade Hardening (Quality Bar) | D56: Track 2 — Hardening | E56: Backend Tests | F56: Authz / Contracts | G56: very important | H56: Current: partial. Build: a 3-identity (and tier) authorization matrix plus RFC-7807 contract tests on every endpoint group. | I56: 1) Each group asserts 200/401/403 by identity + tier. 2) Error bodies are RFC-7807. 3) The matrix is complete. | J56: Vision 8 | K56: PPIQ-N002,PPIQ-N003 | L56: Test | M56: 10 | N56: Not Started | O56: 0
A57: PPIQ-N047 | B57: Delta-import resumability tests (crash mid-batch -> resume, zero duplicates) | C57: N-P8 · Presentation-Grade Hardening (Quality Bar) | D57: Track 2 — Hardening | E57: Backend Tests | F57: Ingestion Tests | G57: important | H57: Current: partial. Build: integration tests that a crash mid-batch resumes from the last committed cursor with no duplicates, and that drift is surfaced. | I57: 1) A simulated crash resumes cleanly. 2) Zero duplicate rows result. 3) A drift fixture raises a warning. | J57: Vision 2.2.3/8 | K57: PPIQ-N032 | L57: Test | M57: 8 | N57: Not Started | O57: 0
A58: PPIQ-N048 | B58: First-class ML/AI honesty-contract test group | C58: N-P8 · Presentation-Grade Hardening (Quality Bar) | D58: Track 2 — Hardening | E58: Backend Tests | F58: Honesty Contract | G58: very important | H58: Current: partial. Build: a dedicated test group asserting forbidden vocabulary is rejected at the API boundary and in narratives, and that findings recover under FDR. | I58: 1) Forbidden phrases fail the group. 2) FDR recovery is asserted. 3) The group is named and gated in CI. | J58: Vision 3/8 | K58: PPIQ-N031 | L58: Test | M58: 8 | N58: Not Started | O58: 0
A59: PPIQ-N049 | B59: Remove the four orphaned components (single canonical implementation) | C59: N-P8 · Presentation-Grade Hardening (Quality Bar) | D59: Track 2 — Hardening | E59: App Frontend | F59: Dead Code | G59: important | H59: Current: AdminDbConfigurationTab, AdminSchemaConfigurationTab, AdminImportingDataTab and WidgetBuilderWizardContent are defined but never imported, diverging from the live Phase78 implementations (Validation F3). Build: delete the dead copies (or wire them in and delete the duplicates) so one canonical implementation remains. | I59: 1) No orphaned/duplicate component remains. 2) Each admin surface has a single dependency path. 3) Build + tests stay green. | J59: Validation F3 | K59: - | L59: Refactor | M59: 5 | N59: Not Started | O59: 0
A60: PPIQ-N050 | B60: Archive synthetic seeds out of the production boot path | C60: N-P8 · Presentation-Grade Hardening (Quality Bar) | D60: Track 2 — Hardening | E60: Infrastructure | F60: Boot Safety | G60: important | H60: Current: partial. Build: ensure no synthetic/demo seed runs on a production boot; seeds live behind an explicit demo profile. | I60: 1) A production boot seeds nothing synthetic. 2) The demo profile still seeds fully. 3) A startup assertion proves it. | J60: Vision 10 | K60: - | L60: Hardening | M60: 4 | N60: Not Started | O60: 0
A61: N-P9 · Demo Build & Doctrine
A62: PPIQ-N051 | B62: Split the coherent dataset across the eight source systems | C62: N-P9 · Demo Build & Doctrine | D62: Track 3 — Demo | E62: Database | F62: Demo Data | G62: very important | H62: Current: partial. Build: distribute the one-month coherent dataset into PG MeltShop, Oracle Caster, Oracle HSM, MSSQL PKL, Excel Yard, MySQL Downtime, MySQL Parsytec and Excel QA with consistent keys. | I62: 1) The same genealogy resolves across all eight sources. 2) Row counts match the scale target. 3) Loads are reproducible. | J62: Vision 6.3 | K62: - | L62: Feature | M62: 12 | N62: Not Started | O62: 0
A63: PPIQ-N052 | B63: Seed the canonical flat-steel plant layout (13 areas) | C63: N-P9 · Demo Build & Doctrine | D63: Track 3 — Demo | E63: Database | F63: Demo Plant | G63: important | H63: Current: partial. Build: seed the 13-area line (EAF/LF/Caster/TF/HSM/SKP/LCT/HCT/STL/PKL/GVL/Yards/Roll Shop) as configured data. | I63: 1) The layout is present as data, not hardcoded. 2) Genealogy derives from it. 3) It matches 6.2. | J63: Vision 6.2 | K63: - | L63: Feature | M63: 8 | N63: Not Started | O63: 0
A64: PPIQ-N053 | B64: Generate the demo dataset at realistic scale (~630 heats / ~5,600 coils / >100k rows) | C64: N-P9 · Demo Build & Doctrine | D64: Track 3 — Demo | E64: Database | F64: Demo Data | G64: very important | H64: Current: dataset incomplete at scale. Build: a deep, realistic month of chemistry/thermal/casting/rolling/inspection/lab data at the stated scale. | I64: 1) Counts hit ~630 heats and ~5,600 coils with >100k detail rows. 2) Distributions look plausible. 3) Regenerable from a script. | J64: Vision 6.1 | K64: PPIQ-N051,PPIQ-N052 | L64: Feature | M64: 12 | N64: Not Started | O64: 0
A65: PPIQ-N054 | B65: Demo-source one-click connection presets | C65: N-P9 · Demo Build & Doctrine | D65: Track 3 — Demo | E65: App Frontend | F65: Demo Config | G65: important | H65: Current: absent. Build: prepared connection presets so each demo DB link is one click during the live demo, while still exercising the real connector path. | I65: 1) Each of the eight links connects in one click. 2) Nothing is hardcoded around the connector. 3) Presets are demo-profile only. | J65: Vision 6 | K65: PPIQ-N051 | L65: Feature | M65: 5 | N65: Not Started | O65: 0
A66: PPIQ-N055 | B66: Live end-to-end configuration demo proof (no hardcoding) | C66: N-P9 · Demo Build & Doctrine | D66: Track 3 — Demo | E66: App Frontend | F66: Demo Doctrine | G66: very important | H66: Current: absent. Build: a scripted proof that every DB link, job, mapping, KPI, page and widget is created live from the HMI on the prepared data. | I66: 1) A dry run builds the full demo from empty via the HMI only. 2) No hardcoded page/widget is used. 3) It is captured as evidence. | J66: Vision 6 (golden rule) | K66: PPIQ-N054 | L66: Feature | M66: 8 | N66: Not Started | O66: 0
A67: PPIQ-N056 | B67: Demo persona accounts (Operator, QA Lead, Plant Manager, Admin) with scoped views | C67: N-P9 · Demo Build & Doctrine | D67: Track 3 — Demo | E67: App Backend | F67: Personas | G67: important | H67: Current: partial; depends on RBAC. Build: seed the four personas with role-scoped access. | I67: 1) Each persona logs in and sees exactly its scoped surface. 2) Scoping is enforced by the RBAC matrix (N002). 3) Tested. | J67: Vision 6.4 | K67: PPIQ-N002 | L67: Feature | M67: 5 | N67: Not Started | O67: 0
A68: PPIQ-N057 | B68: 25-step technical demo script with verification points | C68: N-P9 · Demo Build & Doctrine | D68: Track 3 — Demo | E68: Documentation | F68: Demo Scripts | G68: important | H68: Current: absent. Build: a step-by-step technical walkthrough with a verification checkpoint at each step, covering link->mapping->page->ML->assistant. | I68: 1) 25 steps with expected results. 2) Each is verifiable live. 3) The full intelligence path is covered. | J68: Vision 6.4 | K68: PPIQ-N055 | L68: Documentation | M68: 6 | N68: Not Started | O68: 0
A69: PPIQ-N058 | B69: 5-minute executive demo script with talk track | C69: N-P9 · Demo Build & Doctrine | D69: Track 3 — Demo | E69: Documentation | F69: Demo Scripts | G69: important | H69: Current: absent. Build: a tight executive narrative hitting the three 'sensations'. | I69: 1) A 5-minute path with talk track. 2) It lands the value story. 3) Rehearsed against the dry run. | J69: Vision 1/6.4 | K69: PPIQ-N055 | L69: Documentation | M69: 4 | N69: Not Started | O69: 0
A70: PPIQ-N059 | B70: Recovery lines for known fail-points | C70: N-P9 · Demo Build & Doctrine | D70: Track 3 — Demo | E70: Documentation | F70: Demo Scripts | G70: normal | H70: Current: absent. Build: pre-written, composed recovery lines for each known demo risk, mapped to the script steps. | I70: 1) Every identified fail-point has a recovery line. 2) Lines map to the script steps. | J70: Vision 6.4 | K70: PPIQ-N057 | L70: Documentation | M70: 3 | N70: Not Started | O70: 0
A71: PPIQ-N060 | B71: Record the dry-run video + capture website screenshots | C71: N-P9 · Demo Build & Doctrine | D71: Track 3 — Demo | E71: Documentation | F71: Demo Evidence | G71: normal | H71: Current: absent. Build: a recorded clean dry run and evidence screenshots feeding the website track. | I71: 1) A full dry run is recorded. 2) Screenshots are captured at evidence quality. 3) Assets are handed to the website track. | J71: Vision 6.4 | K71: PPIQ-N055 | L71: Documentation | M71: 5 | N71: Not Started | O71: 0
A72: N-P10 · Website (Pillar V)
A73: PPIQ-N061 | B73: Produce the logo asset set per the brand brief | C73: N-P10 · Website (Pillar V) | D73: Track 4 — Website | E73: Web | F73: Brand Assets | G73: important | H73: Current: partial. Build: the connected-node mark in full/icon/stacked variants and full-colour/dark/light/mono, per the brief. | I73: 1) All variants delivered to spec (Electric Cyan on Deep Navy; no steel-only imagery). 2) A favicon is included. | J73: Vision 7.1 | K73: - | L73: Design | M73: 6 | N73: Not Started | O73: 0
A74: PPIQ-N062 | B74: PlantProcess IQ product page - feature the AI assistant & honest-intelligence story | C74: N-P10 · Website (Pillar V) | D74: Track 4 — Website | E74: Web | F74: Product Pages | G74: very important | H74: Current: partial. Build: the flagship page with interactive graphics, the honesty story and license detail, obeying the golden rule. | I74: 1) On-brand, advanced UX. 2) Honesty language enforced. 3) CTA wired (N066). | J74: Vision 7.2 | K74: PPIQ-N061 | L74: Feature | M74: 10 | N74: Not Started | O74: 0
A75: PPIQ-N063 | B75: MES product page (full) | C75: N-P10 · Website (Pillar V) | D75: Track 4 — Website | E75: Web | F75: Product Pages | G75: normal | H75: Current: absent. Build: the full MES page - description, benefit, graphics, license, CTA. | I75: 1) Complete, on-brand. 2) Golden-rule compliant. | J75: Vision 7.2 | K75: PPIQ-N061 | L75: Feature | M75: 6 | N75: Not Started | O75: 0
A76: PPIQ-N064 | B76: QES product page (full) | C76: N-P10 · Website (Pillar V) | D76: Track 4 — Website | E76: Web | F76: Product Pages | G76: normal | H76: Current: absent. Build: the full QES page - description, benefit, graphics, license, CTA. | I76: 1) Complete, on-brand. 2) Golden-rule compliant. | J76: Vision 7.2 | K76: PPIQ-N061 | L76: Feature | M76: 6 | N76: Not Started | O76: 0
A77: PPIQ-N065 | B77: Yard & Warehouse + Energy Management product pages (full) | C77: N-P10 · Website (Pillar V) | D77: Track 4 — Website | E77: Web | F77: Product Pages | G77: normal | H77: Current: absent. Build: full pages for both remaining products. | I77: 1) Both complete and on-brand. 2) Golden-rule compliant. | J77: Vision 7.2 | K77: PPIQ-N061 | L77: Feature | M77: 8 | N77: Not Started | O77: 0
A78: PPIQ-N066 | B78: Pricing + CTA wired to lead capture & the demo lifecycle | C78: N-P10 · Website (Pillar V) | D78: Track 4 — Website | E78: Web | F78: Conversion | G78: important | H78: Current: partial. Build: pricing/CTA connected to lead capture and the demo/inquiry flow. | I78: 1) A visitor can request an inquiry. 2) Leads are captured. 3) CTA reflects the tiers. | J78: Vision 7.3 | K78: - | L78: Feature | M78: 6 | N78: Not Started | O78: 0
A79: PPIQ-N067 | B79: Evidence-grade screenshots + case-study snippets | C79: N-P10 · Website (Pillar V) | D79: Track 4 — Website | E79: Web | F79: Conversion | G79: normal | H79: Current: absent. Build: polished evidence assets and short case-study snippets from the dry run. | I79: 1) Assets are evidence-grade and on-brand. 2) Embedded across the product pages. | J79: Vision 7.3 | K79: PPIQ-N060 | L79: Design | M79: 5 | N79: Not Started | O79: 0
A80: PPIQ-N068 | B80: Brand-consistency audit across app, website & reports | C80: N-P10 · Website (Pillar V) | D80: Track 4 — Website | E80: Web | F80: Brand | G80: normal | H80: Current: absent. Build: a single audit that palette, type and components match across all three surfaces. | I80: 1) An enumerated checklist passes. 2) Drift items are logged and fixed. 3) One canonical identity is confirmed. | J80: Vision 7.1 | K80: PPIQ-N062 | L80: Documentation | M80: 5 | N80: Not Started | O80: 0
A81: N-P11 · Docs, Legal & Operations
A82: PPIQ-N069 | B82: Deployment runbook (server, Compose, Caddy, Jenkins) | C82: N-P11 · Docs, Legal & Operations | D82: Track 2 — Hardening | E82: Documentation | F82: Ops Docs | G82: important | H82: Current: partial. Build: a complete, current runbook covering the Hetzner stack, Compose, Caddy and the CI pipeline, with parity steps. | I82: 1) A clean machine reaches a working login by following the runbook only. 2) Parity steps are included. | J82: Vision 10 | K82: - | L82: Documentation | M82: 6 | N82: Not Started | O82: 0
A83: PPIQ-N070 | B83: Incident-response runbook + daily backup job (verified restore) | C83: N-P11 · Docs, Legal & Operations | D83: Track 2 — Hardening | E83: Infrastructure | F83: Ops / Backup | G83: important | H83: Current: absent. Build: an incident playbook and an automated daily backup with a verified restore. | I83: 1) Backups run daily and a restore is tested. 2) The playbook covers the top failure modes. | J83: Vision 10 | K83: - | L83: Feature | M83: 6 | N83: Not Started | O83: 0
A84: PPIQ-N071 | B84: Local<->server parity contract verification | C84: N-P11 · Docs, Legal & Operations | D84: Track 2 — Hardening | E84: Infrastructure | F84: Parity | G84: important | H84: Current: absent as an explicit check. Build: a verifier that the API base URL, auth keys, smoke credentials and DB host are defined once and match between local and server. | I84: 1) A parity check fails loudly on any mismatch. 2) It runs in CI/boot. 3) 'Works on my machine' equals 'works on the server'. | J84: Vision 10.3 | K84: - | L84: Hardening | M84: 5 | N84: Not Started | O84: 0
A85: PPIQ-N072 | B85: Kill-by-port tooling that prints the fresh PID/StartTime | C85: N-P11 · Docs, Legal & Operations | D85: Track 2 — Hardening | E85: Infrastructure | F85: Ports / Process | G85: normal | H85: Current: kill-by-port exists in dev scripts but the proof-of-fresh-process output is not standardized everywhere. Build: standardize stop/relaunch to free the port by owning process and print the new PID + start time. | I85: 1) A restart provably replaces the listener (new PID/StartTime printed). 2) The stale-listener failure mode cannot recur. | J85: Vision 10.2 | K85: - | L85: Hardening | M85: 3 | N85: Not Started | O85: 0
A86: PPIQ-N073 | B86: AI/ML subsystem architecture + tenant-isolation & audit companion doc | C86: N-P11 · Docs, Legal & Operations | D86: Track 2 — Hardening | E86: Documentation | F86: Design Docs | G86: important | H86: Current: partial. Build: the design-companion doc for the intelligence subsystem plus the tenant-isolation/audit reference, cross-linked to Vision v2.0 (the recommended 'design companion'). | I86: 1) The doc is complete and consistent with the implemented matrix. 2) It is referenced from the canonical vision. | J86: Improvement Analysis 6/7 | Vision 3 | K86: PPIQ-N005 | L86: Documentation | M86: 6 | N86: Not Started | O86: 0
A87: PPIQ-N074 | B87: UI Standards onboarding for future contributors | C87: N-P11 · Docs, Legal & Operations | D87: Track 2 — Hardening | E87: Documentation | F87: Onboarding | G87: normal | H87: Current: partial. Build: an onboarding guide to the canonical component contract and brand styling. | I87: 1) A new contributor can build a compliant page from the guide. 2) It is linked from the repo. | J87: Vision 5.1 | K87: PPIQ-N041 | L87: Documentation | M87: 4 | N87: Not Started | O87: 0
A88: PPIQ-N075 | B88: Pilot legal pack: mutual NDA, SOW & GDPR-aligned DPA (LLM-provider disclosure) | C88: N-P11 · Docs, Legal & Operations | D88: Track 2 — Hardening | E88: Documentation | F88: Legal | G88: important | H88: Current: absent. Build: the three pilot templates, with the DPA aligned to GDPR and disclosing the LLM provider, consistent with the read-only/air-gapped story. | I88: 1) NDA, SOW and DPA drafts are ready for counsel review. 2) The DPA notes data flows + provider. 3) Consistent with the honesty/air-gapped narrative. | J88: Pilot readiness | Vision 3 (air-gapped) | K88: - | L88: Documentation | M88: 6 | N88: Not Started | O88: 0

Sheet Phase Plan
A1: Phase Plan — execution order (counts & effort computed live)
A2: # | B2: Phase (execution order) | C2: Tasks | D2: Effort (hrs)
A3: 1 | B3: N-P1 · Security, Access & Trust Closeout | C3: =COUNTIF('v13 Backlog'!$C:$C,$B3) -> 7 | D3: =SUMIF('v13 Backlog'!$C:$C,$B3,'v13 Backlog'!$M:$M) -> 65
A4: 2 | B4: N-P2 · The Value Model | C4: =COUNTIF('v13 Backlog'!$C:$C,$B4) -> 3 | D4: =SUMIF('v13 Backlog'!$C:$C,$B4,'v13 Backlog'!$M:$M) -> 34
A5: 3 | B5: N-P3 · Intelligence Core Completion | C5: =COUNTIF('v13 Backlog'!$C:$C,$B5) -> 5 | D5: =SUMIF('v13 Backlog'!$C:$C,$B5,'v13 Backlog'!$M:$M) -> 58
A6: 4 | B6: N-P4 · Risk Scorer Hardening | C6: =COUNTIF('v13 Backlog'!$C:$C,$B6) -> 3 | D6: =SUMIF('v13 Backlog'!$C:$C,$B6,'v13 Backlog'!$M:$M) -> 32
A7: 5 | B7: N-P5 · Inspection -> Generated Pages | C7: =COUNTIF('v13 Backlog'!$C:$C,$B7) -> 4 | D7: =SUMIF('v13 Backlog'!$C:$C,$B7,'v13 Backlog'!$M:$M) -> 38
A8: 6 | B8: N-P6 · The AI Assistant | C8: =COUNTIF('v13 Backlog'!$C:$C,$B8) -> 9 | D8: =SUMIF('v13 Backlog'!$C:$C,$B8,'v13 Backlog'!$M:$M) -> 82
A9: 7 | B9: N-P7 · Workflow & HMI Completion | C9: =COUNTIF('v13 Backlog'!$C:$C,$B9) -> 6 | D9: =SUMIF('v13 Backlog'!$C:$C,$B9,'v13 Backlog'!$M:$M) -> 46
A10: 8 | B10: N-P8 · Presentation-Grade Hardening (Quality Bar) | C10: =COUNTIF('v13 Backlog'!$C:$C,$B10) -> 13 | D10: =SUMIF('v13 Backlog'!$C:$C,$B10,'v13 Backlog'!$M:$M) -> 109
A11: 9 | B11: N-P9 · Demo Build & Doctrine | C11: =COUNTIF('v13 Backlog'!$C:$C,$B11) -> 10 | D11: =SUMIF('v13 Backlog'!$C:$C,$B11,'v13 Backlog'!$M:$M) -> 68
A12: 10 | B12: N-P10 · Website (Pillar V) | C12: =COUNTIF('v13 Backlog'!$C:$C,$B12) -> 8 | D12: =SUMIF('v13 Backlog'!$C:$C,$B12,'v13 Backlog'!$M:$M) -> 52
A13: 11 | B13: N-P11 · Docs, Legal & Operations | C13: =COUNTIF('v13 Backlog'!$C:$C,$B13) -> 7 | D13: =SUMIF('v13 Backlog'!$C:$C,$B13,'v13 Backlog'!$M:$M) -> 36
B14: TOTAL | C14: =SUM(C3:C13) -> 75 | D14: =SUM(D3:D13) -> 620
B16: By Track
B17: Track | C17: Tasks | D17: Effort (hrs)
B18: Track 1 — Workflow | C18: =COUNTIF('v13 Backlog'!$D:$D,$B18) -> 30 | D18: =SUMIF('v13 Backlog'!$D:$D,$B18,'v13 Backlog'!$M:$M) -> 290
B19: Track 2 — Hardening | C19: =COUNTIF('v13 Backlog'!$D:$D,$B19) -> 27 | D19: =SUMIF('v13 Backlog'!$D:$D,$B19,'v13 Backlog'!$M:$M) -> 210
B20: Track 3 — Demo | C20: =COUNTIF('v13 Backlog'!$D:$D,$B20) -> 10 | D20: =SUMIF('v13 Backlog'!$D:$D,$B20,'v13 Backlog'!$M:$M) -> 68
B21: Track 4 — Website | C21: =COUNTIF('v13 Backlog'!$D:$D,$B21) -> 8 | D21: =SUMIF('v13 Backlog'!$D:$D,$B21,'v13 Backlog'!$M:$M) -> 52

Sheet Coverage Map
A1: Coverage Map — every Vision v2.0 area -> the v13 tasks that complete it
A2: Confirms nothing in the canonical target is unaddressed. 'Already built?' summarises what exists today (see the Excluded sheet).
A3: Vision v2.0 area | B3: What remains (the v13 work) | C3: v13 tasks | D3: Already built?
A4: 2.2.2 DB Link & credentials | B4: Behavioural connector tests + masked-credential proof | C4: N045 | D4: Core built
A5: 2.2.3 Two-stage / delta ingestion | B5: Schema-drift detection; resumability tests | C5: N032, N047 | D5: Engine built
A6: 2.2.4 Schema mapping engine | B6: Typed resolver errors (full UI design lives in v3 3.3) | C6: N033 | D6: Core + safe-SQL built
A7: 2.2.5 Genealogy spine | B7: Mapping-authored canonical spine, both directions | C7: N034 | D7: Partial join built
A8: 2.2.6 Jobs Monitor | B8: Extended result + learning-run visibility | C8: N014, N021 | D8: Monitor built
A9: 2.3 Page builder & widgets | B9: First-run wizard; heat-map widget; script grammar | C9: N035, N036, N037 | D9: Builder + script layer built
A10: 3.1 Feature store & outcomes | B10: (complete - no remaining work) | C10: - | D10: Built incl. cascade-downtime
A11: 3.2 Scheduled learning & methods | B11: Spearman/MI/Lasso; VIF/stability/confounding; gates; results; tests | C11: N011-N015 | D11: Pearson/PB/Cramer + FDR/effect/power built
A12: 3.3 Inspection -> generated pages | B12: Runner; auto-page generation; scheduling; e2e | C12: N019-N022 | D12: Investigate endpoint built
A13: 3.4 Risk scorer | B13: Calibration; registry provenance; drift/champion-challenger | C13: N016-N018 | D13: Additive decomposable scorer built
A14: 3.5.1 Proactive suggestions | B14: Engine; endpoint; proactive feed UI | C14: N023-N025 | D14: Prerequisites built
... A22: Value Model (commercial lever) | B22: Impact engine; cost config; ROI presentation contract | C22: N008-N010 | D22: Nothing built (0 code hits)

Sheet Excluded - Already Built
A1: Excluded from v13 — already built (the audit trail for 'no done tasks')
A2: These capabilities exist in the 31-May snapshot, so they are intentionally NOT in the backlog. Listed for transparency.
A3: Capability (excluded) | B3: Evidence / where it lives | C3: Prior ref
A4: Test foundation, coverage baseline & CI gate | B4: dotnet + vitest coverage; suite is red-on-regression and gated | C4: T300-T306
A5: Auth config-section prefix + bootstrap-collision guard | B5: StartupConfigurationValidator rejects DEV keys / default pw outside Dev | C5: T282
A6: Frontend auth retry backoff + attempt cap | B6: apiClient with bounded retry | C6: T280
A7: PostgreSQL public port closed + loopback audit | B7: 127.0.0.1 binding + external nmap scan guard | C7: T286 / T208
A8: Replace bootstrap admin in production | B8: disabled sentinel + real seeded admin | C8: T287
A9: Eight-source Compose definition (loopback-bound) | B9: docker-compose.demo-sources.yml | C9: T245
A10: SafeSqlValidator + typed resolver base | B10: SafeSqlValidator (CTE fix); SchemaViewResolver base | C10: T206
A11: Widget edit -> DB values + script-layer base | B11: widget builder binding | C11: T242
A12: Multi-grain feature store (heat/strand/coil/location) | B12: feature-store schema | C12: T209
A13: Metallurgical derived features | B13: FeatureEngineeringService | C13: T210
A14: Outcome catalog incl. cascade-downtime + KPI-as-view | B14: outcome definitions | C14: T211 / T293
... A23: Frontend resilience base | B23: global ErrorBoundary, Sonner toasts, apiClient timeouts/retry, skeleton loading | C23: prior session
