Workbook

Sheet Task List
A1: PlantProcess IQ · Implementation Task List — road to the v4 doctrine target
A2: 62 tasks · 11 phases (45–65h each) · ordered by priority + prerequisites · every phase ends demo-safe with a hard test pack · derived from the 02 Jun 2026 audit
A3: Task ID | B3: Task Name | C3: Phase | D3: Track | E3: Module | F3: Submodule | G3: Severity | H3: Description (what to build) | I3: Acceptance Criteria (validation & tests) | J3: Task Type | K3: Effort (h)
A4: P1-01 | B4: Global RFC-7807 exception handler | C4: Phase 01 | D4: Hardening | E4: Backend | F4: API / Middleware | G4: Critical | H4: There is currently NO global exception handler and no AddProblemDetails registration, so an unhandled exception in any of the ~374 endpoints can surface a raw HTTP 500 (and a stack trace in Development). Register builder.Services.AddProblemDetails() and add a global IExceptionHandler (or app.UseExceptionHandler) registered FIRST in the pipeline so it wraps every endpoint. Map every unhandled exception to an RFC-7807 application/problem+json response carrying type, title, status, and the existing correlation id (from CorrelationIdMiddleware) in the extensions bag. In non-Development, suppress 'detail' and any stack trace; in Development include them. Define a small set of typed problem kinds: validation(400), not-found(404), conflict(409), unauthorized(401/403), timeout(504), internal(500). | I4: Integration test registers a deliberately throwing test endpoint and asserts: (a) status 500, (b) Content-Type application/problem+json, (c) body contains type/title/status/traceId, (d) NO stack-trace substring when ASPNETCORE_ENVIRONMENT=Production. A second test forces a BadHttpRequestException and asserts a 400 problem+json. `dotnet test` green. | J4: New Feature | K4: 8
A5: P1-02 | B5: Standardize endpoint error returns on ProblemDetails | C5: Phase 01 | D5: Hardening | E5: Backend | F5: Endpoints | G5: Very Important | H5: Errors are ad-hoc today: ~94 Results.BadRequest, ~142 Results.NotFound and ~17 anonymous `new { error = ... }` payloads, with only 4 Results.Problem. Replace ad-hoc error returns with Results.Problem / TypedResults.Problem carrying a consistent shape plus a machine-readable `errorCode` string. Do NOT touch happy-path responses. Edit grouped by endpoint file (Admin, Integration, Dashboarding, Analytics, Materials, etc.) so no file is reopened in a later task. | I5: An analyzer or grep check confirms zero `new { error =` anonymous error payloads remain under Endpoints/. Contract tests for three representative failure paths (invalid body, missing resource, forbidden) assert problem+json with a populated errorCode. All pre-existing endpoint tests still pass. | J5: Refactor | K5: 10
A6: P1-03 | B6: Session-level read-only enforcement on all DB connectors | C6: Phase 01 | D6: Security | E6: Backend | F6: Connectors | G6: Critical | H6: Today the connectors only record readOnlyEnforced as METADATA - the connection itself is not hardened, so a write would only be stopped by SafeSqlValidator (which covers authored SQL, not the connection). Make read-only real on every opened connection, per provider: PostgreSQL -> `SET default_transaction_read_only = on` + `SET statement_timeout`; SQL Server -> add ApplicationIntent=ReadOnly to the connection string + READ COMMITTED; MySQL -> `SET SESSION TRANSACTION READ ONLY`; Oracle -> `SET TRANSACTION READ ONLY`. Apply in each connector's connection-open path and centralise the timeout in ConnectorOptions. | I6: Per-connector integration test (Testcontainers for PostgreSQL and MySQL at minimum) opens a connection and asserts an attempted INSERT/UPDATE is rejected BY THE SERVER, not by SafeSqlValidator. Assert the statement/command timeout is applied (a deliberately slow query is cancelled). `dotnet test` green. | J6: Bug Fix | K6: 8
A7: P1-04 | B7: HTTP security headers + HSTS | C7: Phase 01 | D7: Security | E7: Backend | F7: API / Middleware | G7: Important | H7: Program.cs has CORS, rate limiting and HTTPS redirect but no security headers. Add app.UseHsts() and a small middleware that sets Strict-Transport-Security, X-Content-Type-Options: nosniff, X-Frame-Options: DENY, Referrer-Policy: no-referrer and a baseline Content-Security-Policy suited to the SPA. Make CSP configurable per environment so it can be tightened for production. | I7: Integration test asserts the five headers are present on a sample response. The e2e smoke run loads the SPA under the CSP with zero CSP-violation console errors. | J7: Hardening | K7: 5
A8: P1-05 | B8: Remove duplicate / orphaned page components + lint guard | C8: Phase 01 | D8: Hardening | E8: Frontend | F8: Pages / Routing | G8: Very Important | H8: Six page components exist in BOTH a nested path and a flat path: AdminPage, CorrelationPage, DashboardPage, DataQualityPage, MaterialInvestigationPage, RiskDashboardPage. Most flat copies are orphaned dead code; DashboardPage is imported from two paths. Identify the routed copy from the router, delete the orphans, and consolidate to one canonical path per page (pages/<Area>/<Name>.tsx). Update all imports for DashboardPage to the single chosen file. Add a CI guard (script or eslint import rule) that fails if two files share a page basename. | I8: Grep confirms each page basename resolves to exactly one file. `npm run build` and `npm run test` green. The new duplicate-detection guard fails on a deliberately reintroduced duplicate then passes after removal. All routes still render (e2e smoke). | J8: Refactor | K8: 6
A9: P1-06 | B9: Fix 'type-aware' correlation facade labelling (honesty) | C9: Phase 01 | D9: AI+ML | E9: Database | F9: Analytics SQL | G9: Important | H9: ppiq_ml_compute_correlations_v6 is labelled 'type-aware' but only computes Pearson; its own message admits Spearman/Cramer/MI belong to a later task. Until the real engine is wired (Phases 3-4), make the OUTPUT honest: set each result's `method` to `pearson` and have the API/HMI label advanced results as 'Pearson correlation (baseline)'. Do not present q-value/stability as computed while they are placeholders. This protects the anti-facade rule the rest of the system honours. | I9: Unit/contract test asserts the live correlation result's method field equals 'pearson' and that no q-value/stability is rendered as computed when it is a placeholder. The forbidden-phrase / honesty scan passes. | J9: Bug Fix | K9: 4
A10: P1-07 | B10: Phase 1 regression & safety test pack | C10: Phase 01 | D10: Hardening | E10: Testing | F10: Backend + Frontend + E2E | G10: Very Important | H10: Add the phase's hard validation and re-green the whole suite. Backend: exception-handler tests (P1-01), error-shape contract tests (P1-02), read-only connector tests (P1-03), security-header test (P1-04). Frontend/E2E: a Playwright assertion across all top-level routes that the body never shows a raw 500, a stack trace, or 'could not load', and that every (formerly duplicated) route still renders. Run dotnet test, npm run test, npm run e2e and fix any breakage introduced by P1-01..P1-06. | I10: dotnet test, npm run test and npm run e2e all green. New negative test: throwing endpoint -> problem+json with no stack trace. New e2e: navigate every top-level route, assert no raw error text. CI gate green; deploy to server; `/health/ready` returns 200. | J10: Test | K10: 10
A11: P2-01 | B11: ITenantAccessor resolved from auth context | C11: Phase 02 | D11: Security | E11: Backend | F11: Multi-tenancy | G11: Critical | H11: Tenant scoping is inconsistent: three inline TryTenant helpers read the tenant_id claim in different endpoints. Introduce a single scoped ITenantAccessor that resolves the current TenantId from the authenticated ClaimsPrincipal (tenant_id claim), fail-closed (no claim -> reject with the existing no_tenant 400/403). Register in DI and replace the scattered TryTenant helpers so there is ONE authority. | I11: Unit tests: accessor returns the claim tenant; denies when the claim is absent or malformed. Endpoint test: a protected request without a tenant claim returns 400/403 problem+json. `dotnet test` green. | J11: New Feature | K11: 8
A12: P2-02 | B12: Remove hardcoded default-tenant GUID from runtime paths | C12: Phase 02 | D12: Security | E12: Backend | F12: Multi-tenancy | G12: Critical | H12: The default tenant GUID 00000000-0000-0000-0000-000000000001 is hardcoded in ~28 places. Audit every occurrence: keep it ONLY in seed / migration / demo-provisioning scripts. In runtime services and endpoints replace it with ITenantAccessor.TenantId. In AuthStore user creation, derive tenant from the provisioning context rather than the constant. | I12: Grep check confirms the default GUID appears ONLY in database/ seed and demo-provisioning files and ZERO times in Endpoints/ or runtime *Service.cs paths. Login/auth flow still works against the seeded demo tenant; existing tests pass. | J12: Bug Fix | K12: 10
A13: P2-03 | B13: EF Core global query filter + repository tenant guard | C13: Phase 02 | D13: Security | E13: Database | F13: Multi-tenancy | G13: Critical | H13: Add an EF Core global query filter on every tenant-owned entity (HasQueryFilter(e => e.TenantId == accessor.TenantId)), wiring ITenantAccessor into the DbContext. For raw-SQL / Npgsql paths (correlation, KPI, simple analysis, dashboards) add an explicit `tenant_id = @tenant` predicate via a shared guard helper. Background jobs (no HTTP principal) must set tenant context explicitly. | I13: Integration test seeds TWO tenants with overlapping data and asserts every read model, dashboard query, KPI evaluation and material query returns only the caller's tenant rows. A raw-SQL path test asserts the tenant predicate is present. `dotnet test` green. | J13: New Feature | K13: 12
A14: P2-04 | B14: Tenant-scoped retrieval, export & job context | C14: Phase 02 | D14: AI+ML | E14: Backend | F14: Multi-tenancy | G14: Very Important | H14: Ensure assistant retrieval, report/PDF exports and the job orchestrator all carry tenant scope. Filter assistant retrieval chunks by tenant BEFORE grounding (no cross-tenant evidence). Exports must exclude other tenants' rows. The job orchestrator must run under an explicit tenant and record it on JobRunHistory. | I14: Test that assistant retrieval for tenant A never returns tenant B chunks. Test that an export for tenant A excludes tenant B rows. Job-run test asserts the tenant context is recorded. `dotnet test` green. | J14: Modification | K14: 10
A15: P2-05 | B15: Two-tenant isolation proof + authorization matrix test | C15: Phase 02 | D15: Security | E15: Testing | F15: Multi-tenancy | G15: Critical | H15: Build the gate proof for the doctrine's 'absolute' isolation rule. Seed two tenants and two users; for every sensitive route, job, retrieval and export assert that cross-tenant access returns 403 or empty - never another tenant's data - including identifier-guessing (request tenant B's resource id while authenticated as tenant A). Add as a required CI gate. | I15: New TenantIsolationMatrixTests green with at least one assertion per sensitive domain (sources, mappings, dashboards, materials, suggestions, reports, audit, assistant). Zero cross-tenant leakage. `dotnet test` green; deploy; the demo tenant is unaffected. | J15: Test | K15: 12
... A65: P11-05 | B65: Release hardening sweep + final deploy | C65: Phase 11 | D65: Operations | E65: Deploy | F65: Release | G65: Important | H65: Final sweep: secrets check (no committed secrets, masked in audits), startup guards green in production config, the exposure proof green, backup verified, parity green. Tag the release and deploy. | I65: verify-server-exposure.sh is green; the startup guard passes the production config; backup/restore is verified; parity is green; the release is tagged and deployed; `/health/ready` returns 200. | J65: Hardening | K65: 8
J66: TOTAL | K66: =SUM(K4:K65) -> 561

Sheet Phase Roadmap
A1: Phase Roadmap — deploy at the end of every phase with something new and nothing broken
A2: Phase | B2: Theme | C2: Tasks | D2: Effort (h) | E2: Critical | F2: Primary Track | G2: Deploy milestone — what is new and demo-safe to show
A3: Phase 01 | B3: Demo-safety net & code hygiene | C3: =COUNTIF('Task List'!$C:$C,A3) -> 7 | D3: =SUMIF('Task List'!$C:$C,A3,'Task List'!$K:$K) -> 51 | E3: =COUNTIFS('Task List'!$C:$C,A3,'Task List'!$G:$G,"Critical") -> 2 | F3: Hardening | G3: App is demo-safe: no raw errors or stack traces, read-only DB connections hardened, duplicate dead code removed. Nothing flashy, but you can click anything without an error appearing.
A4: Phase 02 | B4: Multi-tenant isolation (gate) | C4: =COUNTIF('Task List'!$C:$C,A4) -> 5 | D4: =SUMIF('Task List'!$C:$C,A4,'Task List'!$K:$K) -> 52 | E4: =COUNTIFS('Task List'!$C:$C,A4,'Task List'!$G:$G,"Critical") -> 4 | F4: Security | G4: Provable isolation: a two-tenant 403 proof. The enterprise security story is now defensible, not aspirational.
A5: Phase 03 | B5: Advanced-analysis engine: compute service | C5: =COUNTIF('Task List'!$C:$C,A5) -> 6 | D5: =SUMIF('Task List'!$C:$C,A5,'Task List'!$K:$K) -> 56 | E5: =COUNTIFS('Task List'!$C:$C,A5,'Task List'!$G:$G,"Critical") -> 3 | F5: AI+ML | G5: Internal milestone: the real statistics engine (MI, Cramer's V, Lasso, VIF, BH-FDR, bootstrap, stratification) computes honest findings behind a flag, golden-dataset verified.
A6: Phase 04 | B6: Advanced analysis: live swap + HMI | C6: =COUNTIF('Task List'!$C:$C,A6) -> 6 | D6: =SUMIF('Task List'!$C:$C,A6,'Task List'!$K:$K) -> 50 | E6: =COUNTIFS('Task List'!$C:$C,A6,'Task List'!$G:$G,"Critical") -> 1 | F6: AI+ML | G6: THE signature moment: live advanced analysis showing ranked suspected contributors with method, q-value, stability and the honesty caveat (doctrine 7.4). 'It told me something I didn't know — and proved it.'
A7: Phase 05 | B7: Connector demo-certification & sources | C7: =COUNTIF('Task List'!$C:$C,A7) -> 6 | D7: =SUMIF('Task List'!$C:$C,A7,'Task List'!$K:$K) -> 52 | E7: =COUNTIFS('Task List'!$C:$C,A7,'Task List'!$G:$G,"Critical") -> 0 | F7: Demo | G7: Connect a real PostgreSQL / Oracle / MySQL / SQL Server source LIVE through the HMI and stage it. 'It already speaks my plant.'
A8: Phase 06 | B8: Mapping, genealogy & widget script layer | C8: =COUNTIF('Task List'!$C:$C,A8) -> 6 | D8: =SUMIF('Task List'!$C:$C,A8,'Task List'!$K:$K) -> 58 | E8: =COUNTIFS('Task List'!$C:$C,A8,'Task List'!$G:$G,"Critical") -> 0 | F8: Workflow | G8: Walk a coil's genealogy both directions (the golden thread) and build a chart from a SQL script in the HMI — no new endpoint.
A9: Phase 07 | B9: Operations, backup/restore & demo lifecycle | C9: =COUNTIF('Task List'!$C:$C,A9) -> 6 | D9: =SUMIF('Task List'!$C:$C,A9,'Task List'!$K:$K) -> 50 | E9: =COUNTIFS('Task List'!$C:$C,A9,'Task List'!$G:$G,"Critical") -> 0 | F9: Operations | G9: One-click demo reset to a clean state; recover from backup; a regenerated >100k-record realistic dataset that resolves across all eight sources.
A10: Phase 08 | B10: Governance: RBAC, audit & license toggle | C10: =COUNTIF('Task List'!$C:$C,A10) -> 5 | D10: =SUMIF('Task List'!$C:$C,A10,'Task List'!$K:$K) -> 46 | E10: =COUNTIFS('Task List'!$C:$C,A10,'Task List'!$G:$G,"Critical") -> 0 | F10: Governance | G10: Toggle Enterprise -> Pro live and watch features lock/unlock; full role-based access; tamper-evident audit.
A11: Phase 09 | B11: No-dead-button action matrix & UI quality | C11: =COUNTIF('Task List'!$C:$C,A11) -> 5 | D11: =SUMIF('Task List'!$C:$C,A11,'Task List'!$K:$K) -> 50 | E11: =COUNTIFS('Task List'!$C:$C,A11,'Task List'!$G:$G,"Critical") -> 0 | F11: Hardening | G11: Click anything on any page on any browser — every button works and the UI is consistent everywhere.
A12: Phase 10 | B12: Website 5-product ecosystem & commercial | C12: =COUNTIF('Task List'!$C:$C,A12) -> 5 | D12: =SUMIF('Task List'!$C:$C,A12,'Task List'!$K:$K) -> 48 | E12: =COUNTIFS('Task List'!$C:$C,A12,'Task List'!$G:$G,"Critical") -> 0 | F12: Web | G12: Full product website (PlantProcess IQ + MES + QES + Yard + Energy), pricing, trust and a working demo-request CTA.
A13: Phase 11 | B13: Documentation, final dry-run & release | C13: =COUNTIF('Task List'!$C:$C,A13) -> 5 | D13: =SUMIF('Task List'!$C:$C,A13,'Task List'!$K:$K) -> 48 | E13: =COUNTIFS('Task List'!$C:$C,A13,'Task List'!$G:$G,"Critical") -> 1 | F13: Quality | G13: Build the entire demo from empty via the HMI on stage; every quality-bar gate green; tagged release deployed.
B14: TOTAL | C14: =SUM(C3:C13) -> 62 | D14: =SUM(D3:D13) -> 561 | E14: =SUM(E3:E13) -> 11

Sheet Legend & How to use
A1: How to use this task list
A3: Reading order
A4: Phase | B4: Tasks are grouped into 11 phases sized 45–65h. Do them top to bottom: each phase is a prerequisite-respecting, deployable increment.
A5: Deploy cadence | B5: Deploy to the server at the END of every phase. Higher-priority / higher-impact work is front-loaded so you always have something good to show early and nothing is left broken.
A6: Grouping | B6: Similar tasks (same files/modules) are grouped within a phase so a file is touched once, not reopened many tasks later.
A7: Effort (h) | B7: A rough engineering estimate per task. Phase totals are on the Phase Roadmap sheet (live SUMIF formulas).
A9: Severity
A10: Critical | B10: Gate-blocking or demo-breaking. Must be ~100% green; no partial credit.
A11: Very Important | B11: High impact on the demo or the quality bar; do early.
A12: Important | B12: Real value; schedule within its phase.
A13: Normal | B13: Useful, lower urgency.
A14: Optional | B14: Nice to have; defer if time-constrained.
A16: Track
A17: Workflow / Demo / Hardening / AI+ML / Web / Security / Operations / Governance / Quality | B17: The vision track a task serves (maps to the four-track compass plus the cross-cutting concerns the doctrine adds).
A19: Module
A20: Backend / Frontend / Database / Infrastructure / Web / Documentation / Testing / Deploy / Security / AI+ML | B20: Where the work lives. Used to batch similar tasks and to plan ownership.
A22: Task Type
A23: New Feature | B23: Build something that does not exist yet.
A24: Modification | B24: Change/extend existing behaviour.
A25: Refactor | B25: Improve structure/quality without changing behaviour (the 'done poorly' items).
A26: Bug Fix | B26: Correct a concrete defect found during the code audit.
A27: Hardening | B27: Make existing behaviour safe/resilient (errors, limits, security).
A28: Test | B28: A realistic, hard validation pack that proves a phase and re-greens all suites.
A30: Validation philosophy (acceptance criteria)
A31: Not just a build | B31: Every acceptance criterion is a realistic, hard test (unit / integration / dotnet test / npm run test / npm run e2e), not 'the build compiles'. A task is DONE only when its proof is green AND it has not broken any other suite.
A32: Per-phase test pack | B32: Because a change in one place can break unit / integration / e2e tests elsewhere, every phase ends with a test task that adds the new hard tests and re-greens the entire suite before deploy.
A33: Gate items | B33: For Critical gate items (isolation, authorization, grounding, SQL safety, error safety, no-dead-button, demo no-hardcoding) the doctrine forbids the '85%' standard — they ship at ~100% green.
A35: Provenance
A36: Source | B36: Tasks are derived from the PlantProcess IQ Implementation Validation Audit (02 Jun 2026), the v4 Doctrine and the 4-Track Vision. Bug-fix tasks (e.g. read-only-as-metadata, hardcoded tenant GUID, the correlation facade label, the dormant statistics library) come from the code scan.
