Workbook

Sheet Task List
A1: PlantProcess IQ — Phase-Grouped Task List (v5 · 30 May 2026)
A2: 79 open tasks across 13 phases. Supersedes v4 P01–P03 (schema mapping + two-stage delta import), now done in substance. ML/AI subsystem expanded per the engine + assistant design.
A4: Task ID | B4: Task Name | C4: Phase ID | D4: Severity | E4: Track | F4: Module | G4: Submodule | H4: Description | I4: Task Type | J4: Validation | K4: Effort (hrs)
A5: Phase 01 — Hotfixes & Build-Green Closeout | 8 tasks | 18.5 hrs
A6: PPIQ-T201 | B6: Fix Jenkins npm build failure (Node unavailable, exit 127) | C6: P01 | D6: critical | E6: Track 2 — Hardening | F6: Infrastructure | G6: CI / Build Agent | H6: The pipeline still fails at stage '2b. Phase 5/6 UI quality gates' with 'npm: not found' (exit 127): npm ci runs directly on `agent any` with no Node runtime. Run the UI gates inside a Node container (docker run --rm -v "$PWD":/app -w /app node:20-alpine sh -c 'npm ci && npm run validate:phase5-phase6:strict ...'), OR configure the Jenkins NodeJS tool ('node20') and wrap the stage in tools{ nodejs 'node20' }, OR install Node on the agent and ensure it is on the non-interactive PATH. Stages 3-5 must stop being skipped. | I6: Bug Fix | J6: 1) A full pipeline run reaches 'Build images' and 'Recreate containers' without the npm step failing. 2) `npm ci` and the validate/test:visual/test:a11y scripts run with a pinned Node 20. 3) A green build is produced end to end. 4) The fix is committed in the Jenkinsfile, not applied ad hoc on the agent. | K6: 2
A7: PPIQ-T202 | B7: Reconcile migration 117 audit-table schema (still broken) | C7: P01 | D7: critical | E7: Track 2 — Hardening | F7: Database | G7: Migration / Widget Audit | H7: Script 117 still uses CREATE TABLE IF NOT EXISTS for dashboard_widget_expression_audit with created_at_utc, but 113 already created that table with executed_at_utc — so IF NOT EXISTS is a no-op, created_at_utc never lands, and the index on it fails (silently, under ON_ERROR_STOP=0). The audit layer is on the stale schema. Replace 117's body with DROP TABLE IF EXISTS dashboard_widget_expression_audit; then CREATE TABLE with the EF-entity schema (id, dashboard_widget_definition_id, expression_version smallint, validation_status smallint, validation_message, query_expression, advanced_expression_json jsonb, created_at_utc) + the index. Make 113 and 117 not both CREATE the same table (113 becomes guard-only or canonical). Apply on the Hetzner staging clone. | I7: Bug Fix | J7: 1) Fresh Postgres 17 + ordered scripts apply with zero errors and the audit table has created_at_utc. 2) Re-apply on the staging clone is clean. 3) EF reads/writes against the audit table succeed (smallint enum + created_at_utc). 4) Exactly one migration CREATEs the table. | K7: 2
A8: PPIQ-T203 | B8: Switch SQL migration runner to ON_ERROR_STOP=1 | C8: P01 | D8: very important | E8: Track 2 — Hardening | F8: Infrastructure | G8: CI / Migration Safety | H8: The Jenkins 'Apply SQL scripts' stage runs psql with ON_ERROR_STOP=0, so a rolled-back migration (e.g. 117) reports success and the deploy proceeds onto a half-migrated schema. After T202 is fixed, change the runner to ON_ERROR_STOP=1 so any failing migration fails the build loudly. Audit the existing scripts first to ensure none rely on the permissive mode. | I8: Bug Fix | J8: 1) Runner uses ON_ERROR_STOP=1. 2) A deliberately broken script in a scratch branch turns the build red at the migration stage. 3) The full ordered script set still applies clean on a fresh DB and on staging. 4) No script depends on error-swallowing. | K8: 1.5
A9: PPIQ-T204 | B9: Complete the JWT auth-matrix to full tier coverage | C9: P01 | D9: very important | E9: Track 2 — Hardening | F9: App Backend | G9: Auth / Endpoint Authorization | H9: Closes the residual of v4 PPIQ-T101. An auth-matrix-admin.spec.ts and test:auth-matrix exist, but the confirmed backend assertions only cover anonymous=>401/403 and valid-login=>token. Extend to the full matrix: every admin endpoint group (/admin/jobs-monitor, /admin/schema-mapping, /admin/two-stage-import, /admin/license, /admin/phase1, /admin/phase2, /admin/widgets, /admin/users, /demo-lifecycle, /diagnostics, and the new /api/ml/*) under three identities — no token (401), operator-tier JWT (403 on admin, 200 on operator), admin-tier JWT (200) — emitting a matrix artifact and wired as a red-on-deviation Jenkins gate. | I9: Bug Fix | J9: 1) The probe exercises all three identities across every admin group, not just anonymous. 2) Removing an [Authorize] on any admin endpoint fails the probe. 3) Output archived per deploy. 4) Jenkins goes red on any deviation. | K9: 3
A10: PPIQ-T205 | B10: Verify standard-import ESLint block is an enforced Jenkins gate | C10: P01 | D10: important | E10: Track 2 — Hardening | F10: Infrastructure | G10: CI / Quality Gate | H10: Closes the residual of v4 PPIQ-T106. The forbidden-phrase sweep and auth-matrix are referenced in Jenkins stage 2c, but confirm the non-standard-import rule (no native <button>/<input>/<select>/<table>/<textarea> in src/pages|features; no import from src/hardening/*) actually fails the build, not just warns. Wire pnpm/npm lint as a failing stage with a clear offender list and canonical-replacement hint; add the pre-commit hook. | I10: Enhancement | J10: 1) A native <button> in src/pages/* fails the build naming the file + replacement. 2) An import from src/hardening/* fails lint. 3) Stage runs on every push. 4) Pre-commit blocks locally. | K10: 1.5
A11: PPIQ-T206 | B11: Confirm SchemaViewResolver typed errors + join SafeSqlValidator | C11: P01 | D11: important | E11: Track 1 — Workflow | F11: App Backend | G11: Schema Mapping / Validation Hardening | H11: Closes residual rigor on v4 PPIQ-T108/T110 (capability shipped in GenericSchemaMappingEndpoints.cs but specific guarantees unconfirmed). Ensure /resolve returns distinct, testable errors — NoSuchView, NoSuchColumn, InvalidAggregateForType — not a generic failure, and that /joins/preview and /joins/materialize run SafeSqlValidator on the generated join SQL (blocking DDL/cross-tenant injection) and reject type-mismatched key pairs with a clear message. Add unit/integration tests for each path. | I11: Bug Fix | J11: 1) Resolver returns the three named error types on bad view/column/aggregate. 2) Malicious join SQL is blocked at preview and materialize. 3) Type-mismatched key pair rejected with a clear error. 4) Tests cover each case and run in CI. | K11: 3
A12: PPIQ-T207 | B12: Add delta-import integration + resumability tests (T118 was unstarted) | C12: P01 | D12: very important | E12: Track 2 — Hardening | F12: App Backend | G12: Import / Test Coverage | H12: Closes v4 PPIQ-T118, which had no implementation. The two-stage pipeline (source_table_dump_registry, two_stage_import_runs, two_stage_processed_watermarks; stage1/stage2/run-full-cycle endpoints) ships without tests. Author integration tests against seeded sources: cold full-load, incremental delta (only new rows beyond last_index), mid-run crash + resume (no duplicates), schema drift detection, idempotency. Opt-in via PPIQ_RUN_CONNECTOR_INTEGRATION=1; wire to the post-deploy gate. | I12: New Feature | J12: 1) Cold load then incremental delta imports only new rows. 2) Simulated crash resumes from last_index with no duplicates. 3) Source schema drift is detected and surfaced. 4) Suite < 60s, wired to Jenkins. | K12: 4
A13: PPIQ-T208 | B13: Finish loopback-binding audit for all infra services + external scan proof | C13: P01 | D13: important | E13: Track 2 — Hardening | F13: Infrastructure | G13: Docker Compose / Network Exposure | H13: Closes residual of v4 PPIQ-T105 (only Postgres proven on 127.0.0.1). Audit redis, seq, jaeger, grafana, prometheus, jenkins, workers in docker-compose.demo.yml; bind each published port to 127.0.0.1 unless intentionally public (Caddy 80/443; Jenkins :9090 behind basicauth). Prove with an external nmap and document each decision in Infrastructure/deploy/README.md. | I13: Bug Fix | J13: 1) External nmap of 178.105.152.180 shows only 80, 443, 9090 open; all data/observability ports filtered. 2) Internal health checks green. 3) README documents each binding. | K13: 1.5
A14: Phase 02 — ML Engine — Data Foundation & Feature Store (Vision §3 prerequisite) | 5 tasks | 32 hrs
A15: PPIQ-T209 | B15: Multi-grain feature store schema (heat/strand/coil/location) | C15: P02 | D15: very important | E15: Track 1 — Workflow | F15: Database | G15: ML Engine / Feature Store | H15: Per design doc §1.1: build the multi-grain feature store the entire engine learns from, materialized from the canonical generic schema (P02/P03 of v4). Each feature and outcome carries its native grain and the genealogy keys (heat_id, sequence_id, strand, slab_id, coil_id) needed to join across grains. Tables for feature definitions, feature values per grain, and outcome values; EF entities + configuration + migration. Refreshed by the stage-2 import job. Versioned. | I15: New Feature | J15: 1) Migration applies clean; feature/outcome tables exist with grain + genealogy keys. 2) A heat-level parameter can be joined to a coil-level outcome via genealogy. 3) Refresh from canonical schema populates expected counts. 4) Effective sample size (independent units) is derivable, not just row count. | K15: 8
A16: PPIQ-T210 | B16: FeatureEngineeringService — metallurgical derived features | C16: P02 | D16: very important | E16: Track 1 — Workflow | F16: App Backend | G16: ML Engine / Feature Engineering | H16: Per design doc §1.2: extend FeatureEngineeringService to assemble the feature matrix at a SELECTABLE grain (coil-level default; heat-level option) and compute derived features: carbon equivalent (CEV) from chemistry; true superheat = tundish temp − liquidus (liquidus estimated from composition); casting-speed aggregates (mean/max/std/range, count of speed changes, time in transition); reduction ratio; cooling rate; specific energy; time-above-temperature; categorical encodings (grade family, gauge band, spec class, strand, crew/shift). Explicit missingness handling (pairwise deletion with n per pair; 'missing' as informative category; flag features whose missingness correlates with the outcome). | I16: New Feature | J16: 1) Matrix builds at coil and heat grain on demand. 2) CEV and true superheat computed correctly for sample heats. 3) Speed aggregates and reduction/cooling features present. 4) Missingness reported per feature, not silently imputed. | K16: 8
A17: PPIQ-T211 | B17: Outcome definitions: defect-rate/class/severity/position, cascade-downtime, KPI-as-view | C17: P02 | D17: important | E17: Track 1 — Workflow | F17: App Backend | G17: ML Engine / Outcome Modeling | H17: Per design doc §1.3: model outcomes rigorously rather than yes/no. Defects as a rate normalized to coil area/tonnage (defects per m²), plus class (multinomial), severity (graded), and position (head/body/tail, edge/center). Downtime using the plant taxonomy (production stoppage vs equipment failure; electrical/operation/production/mechanical/hydraulic) against CASCADE-adjusted duration, not the raw event. KPIs defined as canonical views (prime yield, energy/ton, throughput) via the KPI-as-view layer. | I17: New Feature | J17: 1) Defect outcomes expose rate, class, severity, position. 2) Downtime outcome uses cascade-adjusted duration with the reason taxonomy. 3) KPI outcomes resolve from canonical KPI views. 4) Each outcome is selectable as an ML target. | K17: 5
A18: PPIQ-T212 | B18: ICorrelationComputeEngine interface + .NET default implementation | C18: P02 | D18: very important | E18: Track 1 — Workflow | F18: App Backend | G18: ML Engine / Compute Abstraction | H18: Per design doc §2.4 / §6: define ICorrelationComputeEngine so the compute is swappable. Default implementation is .NET in-process (Math.NET Numerics for statistics, ML.NET for regularized regression / tree importances), with PostgreSQL doing heavy data reduction (corr(), regr_*, group-bys). Keep one runtime; deterministic, auditable math in the repo. The interface is the escape hatch for a future Python implementation (mixed-effects, survival, defect-image CV) without touching the job system, persistence, governance, or UI. | I18: New Feature | J18: 1) Interface defines compute over a (features, outcome, window, grain) request. 2) .NET implementation runs against the feature store. 3) Math methods are unit-tested for correctness vs known values. 4) Swapping implementations requires no change to callers. | K18: 6
A19: PPIQ-T213 | B19: pgvector knowledge base provisioning (assistant prerequisite) | C19: P02 | D19: important | E19: Track 1 — Workflow | F19: Database | G19: ML Assistant / Vector Store | H19: Per design doc §4.3: enable the pgvector extension in PostgreSQL 17 and provision the knowledge-base tables the §3.3 assistant retrieves from — embeddings + metadata for (a) learned findings, (b) case memory, (c) domain knowledge documents — with structured columns (area, defect class, grade, line, window, q-value) to support HYBRID retrieval (semantic + SQL filter). No new datastore or service. EF entities + migration; IEmbeddingProvider interface (API-default, self-hostable). | I19: New Feature | J19: 1) pgvector enabled; KB tables exist with vector + structured columns. 2) An item can be embedded and retrieved by similarity AND filtered by structured fields. 3) IEmbeddingProvider abstracts the embedding model. 4) Migration applies clean. | K19: 5
A20: Phase 03 — ML Engine — Scheduled Correlation Learning (Vision §3.1) | 6 tasks | 38 hrs
A21: PPIQ-T214 | B21: Define the four learning job types + EnsureMlJobDefinitions (Vision §3.1.1–3.1.4) | C21: P03 | D21: very important | E21: Track 1 — Workflow | F21: App Backend | G21: ML Engine / Job Definitions | H21: Per design doc §2.1: formalize the four scheduled jobs as first-class JobDefinitionType entries — (1) process-params × defect-id, (2) × downtime-id, (3) × KPI-id (daily, off-hours, user-overridable), (4) weekly overall pass across all data. Extend the existing EnsureMlJobDefinitions/IsMlJob scaffolding. Each flows through the unified job model so it appears in the Jobs Monitor (§3.1.5). | I21: New Feature | J21: 1) The four jobs registered with correct default schedules (daily off-hours; weekly overall). 2) Schedules user-overridable per job. 3) Jobs appear in the Jobs Monitor. 4) IsMlJob classifies each correctly. | K21: 3
A22: PPIQ-T215 | B22: Learning worker — type-aware statistical association engine | C22: P03 | D22: critical | E22: Track 1 — Workflow | F22: App Backend | G22: ML Engine / Learning Worker | H22: Per design doc §2.2: implement the worker that runs the four jobs off-hours via ICorrelationComputeEngine. For each (feature, outcome) pair choose the type-appropriate measure: Pearson+Spearman (cont×cont); point-biserial + Cohen's d + Mann-Whitney (cont×binary); chi-square + Cramér's V (cat×cat); Spearman + quantile bucketing (cont×count); mutual information + L1/Elastic-Net rank for the multivariate non-linear pass (optional ML.NET tree importances as cross-check, never a predictor). Honest framing only. Long-run safety: chunked compute, checkpointing per (target,batch), cancellation, concurrency cap 1/job, backoff. | I22: New Feature | J22: 1) Running a job persists results with coefficient, effect size, sample size. 2) Each pair uses the type-correct method. 3) Deterministic for fixed data+seed (two runs match). 4) Cancellation mid-run leaves a clean failed state. 5) No forbidden claim language in any output. | K22: 12
A23: PPIQ-T216 | B23: Statistical validity machinery (FDR, effect-size, power, stability, confounding, VIF) | C23: P03 | D23: critical | E23: Track 2 — Hardening | F23: App Backend | G23: ML Engine / Statistical Rigor | H23: Per design doc §2.3 — the rigor that separates professional from naive. Wrap every result with: effect-size-first strength buckets (not p); Benjamini–Hochberg q-values across the full test family; a power/minimum-effective-n gate; bootstrap stability (CI on r itself + replication across time sub-windows; flag unstable findings); confounding handling (stratify by grade/line + partial-correlation adjustment, warn when an association collapses after adjustment); multicollinearity reporting (VIF; present grouped drivers, not duplicates). Cluster-robust standard errors by heat to correct pseudo-replication from coils nested in heats. | I23: New Feature | J23: 1) Every result carries effect size, q-value, CI, effective-n, stability flag. 2) Under-powered pairs are gated out. 3) A planted-noise column does not survive FDR. 4) A confounded association is flagged after stratification. 5) Effective-n reflects heat-clustering, not raw coil count. | K23: 10
A24: PPIQ-T217 | B24: Per-job scheduling, backoff & MlReadiness governance gates | C24: P03 | D24: important | E24: Track 1 — Workflow | F24: App Backend | G24: ML Engine / Scheduling & Governance | H24: Per design doc §2 + §3.1: add per-job off-hours scheduling with failure backoff and concurrency control, and extend MlReadinessService into governance gates — minimum sample size, label completeness, feature freshness, and a training-window selector (last week/month/year). The engine refuses to learn on insufficient/ungoverned data and reports why (preserving the no_production_prediction honesty). | I24: Enhancement | J24: 1) A job below the sample/label threshold is blocked with a clear readiness reason. 2) Backoff doubles the retry interval up to a cap. 3) Window selector changes the data range used. 4) Readiness gates reflect the real governance state. | K24: 5
A25: PPIQ-T218 | B25: Persist correlation_result (extended) + Jobs Monitor integration | C25: P03 | D25: important | E25: Track 1 — Workflow | F25: Database | G25: ML Engine / Results Persistence | H25: Per design doc §2.5 / §2.6: extend CorrelationResult with model_version_id, feature_key+grain, outcome_key+type, method, coefficient, effect_size(+type), p_value, q_value, ci_low/high, effective_n, stratum, stability_score+is_stable, window. Ensure all four learning jobs surface in Administrator → Jobs Monitor (status OK/crash/timeout, last-run, duration, next-run, run-now/pause, active progress). | I25: Enhancement | J25: 1) Results persist with the full evidence columns incl. q-value and effective-n. 2) Learning jobs appear in the Jobs Monitor with correct status/last-run/duration/next-run. 3) Run-now triggers a job and progress ticks. 4) A crashed job shows failed + last error. | K25: 4
A26: PPIQ-T219 | B26: ML learning engine tests on golden datasets | C26: P03 | D26: very important | E26: Track 2 — Hardening | F26: App Backend | G26: ML Engine / Test Coverage | H26: Per design doc §2.3: tests with deterministic golden datasets where correct correlations are known by construction (planted signal + noise). Assert the engine recovers planted associations within tolerance, ranks them correctly, rejects pure noise after FDR, respects governance gates, persists correct provenance, and is reproducible for a fixed seed. Performance test bounds the run on the standard demo size. | I26: New Feature | J26: 1) Engine recovers planted associations and rejects noise columns. 2) Ranking matches known ground-truth order. 3) Governance gate blocks an under-sampled run. 4) Deterministic; wired to the Jenkins gate. | K26: 4
A27: Phase 04 — ML Engine — Inspection Jobs to Generated Pages (Vision §3.2) | 6 tasks | 31 hrs
A28: PPIQ-T220 | B28: Inspection Job domain + persistence + endpoints | C28: P04 | D28: very important | E28: Track 1 — Workflow | F28: App Backend | G28: ML Engine / Inspection Jobs | H28: Per design doc §3.2.1 (Vision §3.2.1): user selects one defect-id / downtime-id / KPI-id + window (last week/month/year) + a name. Implement InspectionJob entity + EF config + migration + endpoints (create/list/get/run/schedule/delete). Back the already-wired SaveInspectionJobModal with the real POST. Authorization + license gating (Pro Plus/Enterprise). | I28: New Feature | J28: 1) Creating an inspection job from the modal persists it and returns an id. 2) Listing shows target, window, schedule. 3) Non-licensed tier is gated with a clear hint. 4) Audit row on create/run/schedule. | K28: 5
A29: PPIQ-T221 | B29: Inspection Job runner — on-demand analysis with progress | C29: P04 | D29: very important | E29: Track 1 — Workflow | F29: App Backend | G29: ML Engine / Inspection Runner | H29: Per design doc §3.2.2 (Vision §3.2.2): the runner executes an inspection job via the learning engine over the selected target + window and produces a ranked 'most influential parameters' result with evidence (coefficient, q-value, effect size, supporting slices, stability). Returns a structured InspectionResult the page generator consumes. Run-now returns 202 + progress (reuse the demo-lifecycle progress pattern). | I29: New Feature | J29: 1) Run-now over a demo target returns a ranked contributor list with evidence in bounded time. 2) Progress endpoint ticks through stages. 3) Same input+window => deterministic ranking. 4) Results persisted and linked to the job. | K29: 6
A30: PPIQ-T222 | B30: Auto-generate analysis page from inspection result (no hardcoding) | C30: P04 | D30: very important | E30: Track 1 — Workflow | F30: App Backend | G30: ML Engine / Page Generation | H30: Per design doc §3.2.2 + Track-3 golden rule: on completion, auto-compose a dashboard page from REAL widget definitions bound to the result — top-contributors bar, contributor trend over the window, distribution by target, correlation matrix — emitted into the page model (P08), the same definitions a user could build by hand. Regenerating after a re-run updates the page in place. No hardcoded layout. | I30: New Feature | J30: 1) A completed run produces a saved-page definition referencing real widgets bound to result data. 2) Opening the page renders live widgets. 3) Re-run updates the page in place. 4) The page round-trips through the page model — zero hardcoded layout. | K30: 6
A31: PPIQ-T223 | B31: Correlation Page shell — tabbed generated pages (replace stub) | C31: P04 | D31: very important | E31: Track 1 — Workflow | F31: App Frontend | G31: ML Engine / Correlation Page | H31: Per design doc §3.2.x (Vision §3.2): replace the 5-line CorrelationPage.tsx stub with the full ML Correlation area — a StandardTabs surface where each generated inspection-job page is a tab, with run-now, a save toggle, and a schedule control (hourly/daily) per tab. Standard* primitives, license gating, DataFetchBoundary states. | I31: New Feature | J31: 1) Page lists inspection jobs as tabs; selecting one renders its generated widgets. 2) Run-now refreshes the tab via the runner with a progress panel. 3) Save persists the page; Schedule enqueues a periodic job in the Jobs Monitor. 4) Standard* primitives only; visual regression baseline captured. | K31: 6
A32: PPIQ-T224 | B32: Schedule inspection jobs periodically + Jobs Monitor integration | C32: P04 | D32: important | E32: Track 1 — Workflow | F32: App Backend | G32: ML Engine / Scheduling | H32: Per design doc §3.2.3 (Vision §3.2.3): allow a saved inspection job to run periodically (hourly/daily/user-defined) or on demand. Register scheduled inspection runs in the unified job model so they appear in the Jobs Monitor with status/last-run/duration, and a periodic run regenerates the saved page. Rate-limited to avoid overlap. | I32: Enhancement | J32: 1) Scheduling a job enqueues a recurring run visible in the Jobs Monitor. 2) Each periodic run regenerates the page and records last-run/duration. 3) Pausing/deleting the schedule stops future runs. 4) Rate-limited against overlap. | K32: 4
A33: PPIQ-T225 | B33: E2E + integration tests for run -> generate -> save -> schedule loop | C33: P04 | D33: important | E33: Track 2 — Hardening | F33: App Frontend | G33: ML Engine / Test Coverage | H33: Per design doc §3.2: Playwright e2e + backend integration covering the full loop — create inspection job => run-now => generated page renders contributors => save => schedule => periodic run regenerates. Assert absence of the forbidden phrase and forbidden ML claims. | I33: New Feature | J33: 1) The full loop passes against staging. 2) Generated page shows the expected top contributor for a planted-signal demo target. 3) Forbidden-phrase + forbidden-claim assertions pass. 4) Test < 120s, wired to the post-deploy gate. | K33: 4
A34: Phase 05 — ML Assistant — Suggestion Feed (Vision §3.3 proactive) | 4 tasks | 21 hrs
A35: PPIQ-T226 | B35: Suggestion engine — rule-based, evidence-linked, impact-ranked | C35: P05 | D35: very important | E35: Track 1 — Workflow | F35: App Backend | G35: ML Assistant / Suggestion Engine | H35: Per design doc §4.2/§4.4 (Vision §3.3 proactive): synthesize ranked recommendations from the §3.1 learning outputs, inspection results, and data-quality findings. Each suggestion carries confidence, effective-n, q-value, effect size, and links to the supporting evidence. Rank by impact score ≈ effect size × prevalence × actionability × confidence/stability; dedup/group correlated drivers (multicollinearity); boost newly-emerged/changed relationships (changepoint). Strictly honest framing. | I35: New Feature | J35: 1) The engine emits ranked suggestions, each with confidence, n, q-value, evidence link. 2) Correlated drivers are grouped, not duplicated. 3) A newly-changed relationship surfaces higher. 4) Suggestions update after a new learning run. 5) No forbidden claim language (guarded). | K35: 8
A36: PPIQ-T227 | B36: /api/suggestions endpoint + context filtering + license gating | C36: P05 | D36: important | E36: Track 1 — Workflow | F36: App Backend | G36: ML Assistant / Suggestions API | H36: Implement GET /api/suggestions (the previously-stubbed route) returning ranked recommendations, filterable by current investigation context (material/area/line/window) and license tier. ProblemDetails error paths; pagination; audit of which suggestions were surfaced. | I36: New Feature | J36: 1) Endpoint returns ranked suggestions with reasoning + evidence links. 2) Context filters narrow results correctly. 3) Non-licensed tier gated. 4) Integration tests cover happy/empty/filtered. | K36: 4
A37: PPIQ-T228 | B37: Suggestions & Recommendations Page (proactive feed UI) | C37: P05 | D37: very important | E37: Track 1 — Workflow | F37: App Frontend | G37: ML Assistant / Suggestions Page | H37: Per design doc §4.2 (the 'Page' half of Vision §3.3): an evidence-grade ranked feed — 'the top things to look at this week' — with reasoning, confidence, sample size, and drill-through to the supporting correlation/inspection page. Standard* primitives, DataFetchBoundary states, license gating, and an honest empty state ('no strong signal yet'). Brand voice throughout. | I37: New Feature | J37: 1) Page renders ranked recommendations with reasoning + evidence drill-through. 2) Drill-through opens the supporting analysis page. 3) Empty/loading/error use Standard* and the 'Refreshing…' pattern. 4) Standard* primitives only; visual regression baseline captured. | K37: 6
A38: PPIQ-T229 | B38: Suggestion ranking + evidence-linkage tests | C38: P05 | D38: important | E38: Track 2 — Hardening | F38: App Backend | G38: ML Assistant / Test Coverage | H38: Tests asserting suggestion ranking order on golden inputs, evidence links resolve to the correct underlying results, context-filtering correctness, dedup/grouping of correlated drivers, and license gating. Determinism check. | I38: New Feature | J38: 1) Ranking matches known ground truth on golden inputs. 2) Every evidence link resolves to the correct correlation/inspection record. 3) Correlated drivers are grouped. 4) Deterministic; wired to the gate. | K38: 3
A39: Phase 06 — ML Assistant — Conversational RAG Agent (Vision §3.3 conversational) | 6 tasks | 39 hrs
A40: PPIQ-T230 | B40: Knowledge-base ingestion (findings, cases, domain docs) | C40: P06 | D40: very important | E40: Track 1 — Workflow | F40: App Backend | G40: ML Assistant / KB Ingestion | H40: Per design doc §4.1/§4.3: ingest the three growing knowledge sources into the pgvector KB (T213). (a) Learned findings rendered as evidence cards with structured metadata; (b) case memory (past inspection jobs, resolved excursions, downtime root-cause notes, acted-on recommendations + outcomes); (c) curated domain knowledge (grade specs, flat-steel failure modes, operating ranges, SOPs). Embed via IEmbeddingProvider; keep structured columns for hybrid retrieval. Re-ingest incrementally as data accumulates. | I40: New Feature | J40: 1) Findings, cases, and domain docs are embedded and retrievable. 2) New findings/cases are ingested incrementally. 3) Each item retains structured fields (area, defect class, grade, window, q-value). 4) Re-ingestion is idempotent. | K40: 6
A41: PPIQ-T231 | B41: Hybrid retrieval pipeline (semantic + structured filter) | C41: P06 | D41: very important | E41: Track 1 — Workflow | F41: App Backend | G41: ML Assistant / Retrieval | H41: Per design doc §4.3: implement retrieval that combines pgvector semantic similarity with structured SQL filters over the findings (area, defect class, grade, line, time window, q-value threshold). Question => embed => semantic + filtered search => top-k evidence with citations. Tunable k; relevance + recency weighting. | I41: New Feature | J41: 1) A query returns top-k evidence combining semantic match and structured filters. 2) Filtering by grade/defect/window narrows correctly. 3) Each retrieved item is citeable back to its source finding/case. 4) Retrieval latency is bounded and logged. | K41: 6
A42: PPIQ-T232 | B42: Agent + tool layer (query findings, run inspection, KPI, genealogy, compare) | C42: P06 | D42: very important | E42: Track 1 — Workflow | F42: App Backend | G42: ML Assistant / Agent & Tools | H42: Per design doc §4.3: the assistant is an agent with tools that call existing services — query_findings(filters), run_inspection_job(target,window), query_kpi(metric,window,breakdown), trace_genealogy(material_id), compare_periods(...). The LLM (behind INarrativeProvider) orchestrates retrieval + tools and narrates a grounded, cited answer; it never computes analysis or invents numbers. Tool-calling via the provider (API-default, self-hostable for air-gap). Send only abstracted structured findings to an external provider, never raw plant data. | I42: New Feature | J42: 1) The agent can answer a question that requires running a fresh inspection job mid-conversation. 2) Each tool call resolves against real services and returns structured data. 3) The answer cites the specific findings/cases/tool results used. 4) Only abstracted findings cross an external provider boundary. | K42: 10
A43: PPIQ-T233 | B43: Conversational assistant UI with evidence citations + drill-through | C43: P06 | D43: very important | E43: Track 1 — Workflow | F43: App Frontend | G43: ML Assistant / Chat UI | H43: Per design doc §4.2 (the conversational half of Vision §3.3): a chat surface where a user asks plant-performance questions ('why are sliver defects up?', 'best lever on energy/ton?', 'compare strand 1 vs 2') and receives grounded answers with inline evidence chips (n, q-value, effect size) that drill through to the supporting correlation/inspection page. Standard* primitives; streaming responses; license gating; honest empty/uncertain states. | I43: New Feature | J43: 1) Asking a question returns a grounded, cited answer with evidence chips. 2) A chip drills through to the supporting analysis page. 3) With no evidence the assistant says so rather than confabulating. 4) Standard* primitives only; visual regression baseline captured. | K43: 8
A44: PPIQ-T234 | B44: Operator feedback loop (useful/acted/dismissed + outcomes) | C44: P06 | D44: important | E44: Track 1 — Workflow | F44: App Backend | G44: ML Assistant / Feedback Loop | H44: Per design doc §4.4: operators mark suggestions/answers useful, acted-on, or dismissed and record outcomes. This re-ranks future suggestions AND flows into case memory ('acted on; yield +1.2 pts'). Honest system-level learning — the platform improves with use, fully auditable, not opaque weight changes. | I44: New Feature | J44: 1) Feedback can be recorded against a suggestion/answer. 2) Feedback measurably re-ranks future suggestions. 3) Acted-on outcomes enter case memory and become retrievable. 4) An audit trail records all feedback. | K44: 5
A45: PPIQ-T235 | B45: Assistant grounding & honesty guardrail tests | C45: P06 | D45: very important | E45: Track 2 — Hardening | F45: App Backend | G45: ML Assistant / Guardrail Tests | H45: Per design doc §4.5: tests that the assistant answers ONLY from retrieved evidence + tool results, says 'no statistically significant driver found' when there is none (no confabulation), and never emits forbidden ML claims ('guaranteed root cause', 'AI-powered prediction', 'production-ready AI', 'predicts'). Verify every recommendation carries n + q-value + effect size + evidence link. Extend the CI copy guard to the assistant surfaces. | I45: New Feature | J45: 1) With no supporting evidence the assistant declines rather than inventing an answer. 2) A forbidden ML claim anywhere fails CI. 3) Every surfaced recommendation carries n, q-value, effect size, evidence link. 4) Tests wired to the gate. | K45: 4
A46: Phase 07 — Risk Scorer & Model Governance (Vision §3 cross-cutting) | 4 tasks | 18 hrs
A47: PPIQ-T236 | B47: Transparent additive risk scorer with exact contribution decomposition | C47: P07 | D47: important | E47: Track 1 — Workflow | F47: App Backend | G47: ML Engine / Risk Scorer | H47: Per design doc §5: make the customer-facing risk score a transparent additive model — score = Σ wᵢ·standardized(featureᵢ) over the validated drivers, weights from the active model's effect sizes/coefficients, normalized 0–100. Each coil's score decomposes EXACTLY into per-feature contributions (superheat +30, hard grade +25, strand 2 +17) — no SHAP, because the model is linear/additive. Keep a GBM only for driver DISCOVERY, never for scoring. | I47: Enhancement | J47: 1) A coil's score equals the sum of its per-feature contributions exactly. 2) The contribution waterfall is exposed in the UI/API. 3) Weights derive from the active model version. 4) Scorer remains linear/additive (no black-box scoring). | K47: 6
A48: PPIQ-T237 | B48: Risk-score calibration & reliability check | C48: P07 | D48: important | E48: Track 2 — Hardening | F48: App Backend | G48: ML Engine / Calibration | H48: Per design doc §5: validate that higher scores correspond to higher observed defect rates (rank correlation + reliability/calibration plot). Recalibrate when drift is detected. A score that does not rank-order real outcomes is flagged. | I48: New Feature | J48: 1) Calibration check runs and reports rank correlation between score and observed defect rate. 2) A miscalibrated scorer is flagged. 3) Recalibration updates the normalization. 4) Result is reproducible. | K48: 4
A49: PPIQ-T238 | B49: Model registry lifecycle, provenance & reproducibility | C49: P07 | D49: important | E49: Track 1 — Workflow | F49: Database | G49: ML Engine / Model Registry | H49: Per design doc §7: treat a model as a versioned analysis configuration + computed snapshot. Store provenance — data window, canonical-view versions, engine git SHA, thresholds, random seed — so any result is reproducible bit-for-bit. Register/version/activate/retire; exactly one active version per scope; the risk scorer reads the active version. Keep baseline v1 = 'Transparent rule-based quality risk scorer'. | I49: Enhancement | J49: 1) A learning run registers a new version with full provenance. 2) Exactly one version per scope is active; activation retires the prior. 3) Re-running with the stored seed reproduces results. 4) History is queryable for audit. | K49: 4
A50: PPIQ-T239 | B50: Drift monitoring & champion/challenger promotion | C50: P07 | D50: normal | E50: Track 1 — Workflow | F50: App Backend | G50: ML Engine / Drift & Promotion | H50: Per design doc §7: when new data lands, compare the active model's correlations to fresh computation and alert when a strong driver weakens or flips sign (a process change — feeds suggestions). The weekly overall pass (§3.1.4) is a challenger; promote over the active model only if more stable, never automatically. | I50: New Feature | J50: 1) A drifted driver raises an alert and a suggestion. 2) The weekly pass is evaluated as a challenger. 3) Promotion requires a stability improvement and is logged. 4) No automatic silent promotion. | K50: 4
A51: Phase 08 — Page Builder & Widget Library (Vision §2.1–2.2) | 5 tasks | 30 hrs
A52: PPIQ-T240 | B52: Page CRUD + /pages/{slug} dynamic load | C52: P08 | D52: very important | E52: Track 1 — Workflow | F52: App Frontend | G52: Page Builder / Page CRUD | H52: Vision §2.1.1/2.1.3: create/edit/delete/save user pages, persisted per-user, and a dynamic /pages/{slug} route loading a stored page definition (backend /api/pages/{slug}, 404 on missing). This is the page model the ML page generator (P04) emits into. Standard* primitives. | I52: New Feature | J52: 1) Create, rename, save, delete a page; reload restores it. 2) /pages/{slug} loads a stored page; missing slug 404s. 3) Pages are per-user/owner scoped. 4) The ML-generated page round-trips through the same model. | K52: 6
A53: PPIQ-T241 | B53: Drag-drop widget canvas + widget library | C53: P08 | D53: very important | E53: Track 1 — Workflow | F53: App Frontend | G53: Page Builder / Canvas & Library | H53: Vision §2.1.2: a library of all widgets (every chart type, KPI, and the filtering tools — date-time picker, list-of-values). Drag-drop onto the page, arrange, Save; editing can add/remove/rearrange. Drag/resize/min/max correct (Vision §2.5). Reuse WidgetBuilderWizard for per-widget config. | I53: New Feature | J53: 1) Drag a widget from the library to the canvas, arrange, save; reload preserves layout. 2) Resize/min/max/move behave correctly with no overlap glitches. 3) Date-time and list filters available as widgets. 4) Standard* primitives; visual regression baseline captured. | K53: 10
A54: PPIQ-T242 | B54: Widget edit: link to DB values + script layer in the builder | C54: P08 | D54: very important | E54: Track 1 — Workflow | F54: App Frontend | G54: Page Builder / Widget Config | H54: Vision §2.2.1–2.2.3: the selected widget has Edit to link it to a list of values from the canonical schema and add a script-layer expression (e.g. bar chart grouped by shift). Wire the existing widget compiler (WidgetQueryExpressionService + WidgetScriptStep) into the live builder, with schema-aware autocomplete from the canonical catalog and SafeSqlValidator on save + execute. | I54: Enhancement | J54: 1) Editing a widget links it to a canonical view's columns and a script expression. 2) Autocomplete suggests views/columns contextually. 3) Save is gated on a valid, safe expression. 4) Execution honors the second-pass SafeSqlValidator. | K54: 6
A55: PPIQ-T243 | B55: Page persistence, ownership & sharing (backend) | C55: P08 | D55: important | E55: Track 1 — Workflow | F55: App Backend | G55: Page Builder / Persistence | H55: Backend page store (page, owner, layout json, widget bindings, version), endpoints for CRUD + list-by-owner, optional share/visibility. Tenant-scoped. Used by P04 generated pages and P08 builder. | I55: New Feature | J55: 1) Pages persist with layout + bindings + version. 2) List-by-owner returns the user's pages. 3) Tenant isolation enforced. 4) Round-trip preserves layout and bindings. | K55: 4
A56: PPIQ-T244 | B56: Page builder e2e + drag/resize correctness tests | C56: P08 | D56: important | E56: Track 2 — Hardening | F56: App Frontend | G56: Page Builder / Test Coverage | H56: Playwright e2e: create page => drag two widgets => configure one with a script expression => resize/move => save => reload renders identically. Assert no layout drift and no forbidden phrase. | I56: New Feature | J56: 1) The build-save-reload flow renders identically (snapshot). 2) Resize/move persist exactly. 3) Forbidden-phrase assertion passes. 4) Wired to the PR gate. | K56: 4
A57: Phase 09 — Demo Source-Database Suite at Real Scale (Vision Track 3) | 4 tasks | 25 hrs
A58: PPIQ-T245 | B58: docker-compose.demo-sources.yml — eight source systems (loopback-bound) | C58: P09 | D58: very important | E58: Track 3 — Demo | F58: Infrastructure | G58: Demo Sources / Compose | H58: Vision Track 3: provision postgres-meltshop (EAF/LF), oracle-caster, oracle-hsm, mssql-pkl, mysql-downtime, mysql-parsytec, plus csv-drop (Yard) and excel-drop (QA) watched volumes. Every port bound to 127.0.0.1 only. First-run init scripts under Infrastructure/deploy/source-seeds/{system}/. External network so the backend reaches each by hostname. | I58: New Feature | J58: 1) compose up -d brings all eight up healthy within the warm-up window (Oracle slow). 2) Backend reaches each by internal hostname. 3) External scan shows no source DB publicly reachable. 4) Re-run is idempotent. | K58: 6
A59: PPIQ-T246 | B59: Split the existing coherent dataset across the eight source systems | C59: P09 | D59: very important | E59: Track 3 — Demo | F59: Database | G59: Demo Sources / Seed Distribution | H59: The single-DB seed already produces vision-scale volumes (630 heats, 5,670 slabs/coils, ~40k HSM measurements, ~17k QA results, ~210 downtime events — 100k+ rows). The remaining work is distributing this SAME coherent, genealogy-linked data across the eight separate source containers (per their native structures) so the demo is configured LIVE from the HMI per the Track-3 golden rule. Preserve end-to-end genealogy across systems. | I59: Enhancement | J59: 1) Each source container is seeded with its slice in its native structure. 2) Material ADV_COIL4002 traces end-to-end across every system incl. a downtime and a QA sample. 3) Re-seeding is idempotent. 4) Total volume preserved (100k+ rows). | K59: 8
A60: PPIQ-T247 | B60: Connector smoke tests vs all six live DB sources + CSV/Excel golden files | C60: P09 | D60: very important | E60: Track 2 — Hardening | F60: App Backend | G60: Connectors / Smoke Tests | H60: Author/extend smoke tests for PostgreSqlConnector, OracleConnector (×2), MsSqlConnector, MySqlConnector (×2), plus CSV/Excel, against the live demo-sources containers: ListTables, DescribeTable, SamplePage(100), FullSync, vs checked-in golden snapshots. Opt-in via PPIQ_RUN_CONNECTOR_INTEGRATION=1; wired to the post-deploy gate. Oracle gets a 90s warm-up. | I60: New Feature | J60: 1) Each connector passes against its seeded source. 2) Each detects drift if seed data is altered. 3) Oracle warm-up handled. 4) All wired to Jenkins post-deploy and logged. | K60: 6
A61: PPIQ-T248 | B61: Live end-to-end config demo proof (no hardcoding) | C61: P09 | D61: important | E61: Track 3 — Demo | F61: App Frontend | G61: Demo Sources / E2E Proof | H61: Track-3 golden-rule proof: a scripted e2e that, from the HMI only, connects each of the six DB sources + two drops, maps/joins one cross-source view, runs a delta import, builds a page with a script-layer widget, runs an inspection job, and asks the assistant one question — verifying nothing is hardcoded. | I61: New Feature | J61: 1) The full from-HMI path passes against the demo-sources stack. 2) Each step verified with a concrete checkpoint. 3) No hardcoded page/widget used anywhere. 4) Run completes within the demo time budget. | K61: 5
A62: Phase 10 — Hardening Completion & Resilience (Vision Track 2) | 8 tasks | 35 hrs
A63: PPIQ-T249 | B63: HeatMapWidget for Risk Intelligence (line × shift × day) | C63: P10 | D63: important | E63: Track 2 — Hardening | F63: App Frontend | G63: Widgets / Visualization | H63: Vision §4.2: a heat map on Risk Intelligence — risk score by line × shift × day-of-week, green→amber→red on brand thresholds, hover tooltip with breakdown, click-through to the materials in that cell (applies filters to Material Investigation). Data via /api/risk/heatmap. StandardCard with loading/empty/error states. | I63: New Feature | J63: 1) Heat map renders; colors match the chip treatment. 2) Click drilldown applies filters to Material Investigation. 3) States use Standard* primitives. 4) 30×7×24 grid renders < 200ms. | K63: 6
A64: PPIQ-T250 | B64: Live license tier toggle + app-wide override banner | C64: P10 | D64: important | E64: Track 1 — Workflow | F64: App Frontend | G64: License / Tier Toggle | H64: In Admin Preview, a StandardSelect bound to effective-tier/tier-override lets an admin demo Pro Plus features without swapping licenses; an app-shell banner shows when an override is active ('Tier override active: Pro Plus (expires in 23h 47m). Reset.'). Demonstrates Vision §4.2. | I64: Enhancement | J64: 1) Toggling tier immediately re-gates features across the app. 2) Banner appears when override active; Reset clears it. 3) Switching Enterprise→Pro visibly removes gated features. 4) Audit on every toggle. | K64: 4
A65: PPIQ-T251 | B65: Progress-percentage UI for long-running endpoints (Vision §2.1) | C65: P10 | D65: important | E65: Track 2 — Hardening | F65: App Frontend | G65: Hardening / Long Calls | H65: For every endpoint that can be slow on large datasets (imports, ML runs, heavy analytics, PDF), surface a loading indicator with a progress percentage (reuse OperationProgressPanel + progress endpoints). No silent multi-second hangs anywhere a customer can see. | I65: Enhancement | J65: 1) Each heavy action shows progress %, not a bare spinner. 2) Progress reflects real backend stages. 3) No visible hang > 1s without feedback. 4) e2e covers the three heaviest paths. | K65: 4
A66: PPIQ-T252 | B66: Endpoint + SQL resilience audit (PK/FK/null/timeout) (Vision §2.2) | C66: P10 | D66: very important | E66: Track 2 — Hardening | F66: App Backend | G66: Hardening / API Resilience | H66: Systematic pass over every API + its SQL/joins (including the new schema-mapping, two-stage import, and ML endpoints): guard null/missing PK-FK, enforce query timeouts, ProblemDetails on every error path, assert no unexpected 500s under empty/edge data. Produce docs/hardening/endpoint-resilience-{date}.md listing each endpoint's edge handling. | I66: Enhancement | J66: 1) Every endpoint returns structured errors, never an unhandled 500, under empty/edge inputs. 2) Query timeouts enforced. 3) Checklist documents each endpoint. 4) Integration tests cover the top 25 endpoints' edge cases. | K66: 6
A67: PPIQ-T253 | B67: Full action-matrix test: every control does its job (Vision §3.1.1) | C67: P10 | D67: very important | E67: Track 2 — Hardening | F67: App Frontend | G67: Hardening / Action Matrix | H67: Extend src/hardening/actionMatrix.ts: for every page and sub-page (incl. the new ML Correlation, Suggestions, Assistant, Schema Mapping, Two-Stage Import, Jobs Monitor surfaces), enumerate every button/control/hook with its expected action, and a Playwright test exercising each and asserting the outcome. No dead/misbehaving control. | I67: New Feature | J67: 1) The matrix enumerates every control on every page/sub-page. 2) Each is exercised and asserted. 3) Zero dead/misbehaving controls. 4) Wired to the PR gate; a new dead button fails it. | K67: 6
A68: PPIQ-T254 | B68: Responsive + cross-browser + http/https correctness (Vision §1.6, §2.1.6) | C68: P10 | D68: important | E68: Track 2 — Hardening | F68: App Frontend | G68: Hardening / Responsive | H68: Verify every page renders correctly at common screen sizes and re-adjusts across Chromium/Firefox/WebKit on both http and https. Fix layout/overflow/orientation issues. Add Playwright runs at three viewports × three browsers. | I68: Enhancement | J68: 1) No layout/overflow defects across three viewports and three browsers. 2) Works on http and https. 3) Snapshots captured as baselines. 4) Wired to the visual-regression job. | K68: 4
A69: PPIQ-T255 | B69: Archive synthetic seeds out of production boot path | C69: P10 | D69: important | E69: Track 2 — Hardening | F69: Database | G69: Seeds / Hygiene | H69: Move any synthetic/placeholder seed out of the boot path into Backend/database/seeds/demo-only/, invoked only by the demo reset job and only when tenant.is_demo = true. Any seed touching a real tenant must be explicit and approved. | I69: Bug Fix | J69: 1) Grep of API startup shows zero demo-seed calls in the production boot path. 2) A fresh non-demo tenant has zero synthetic rows. 3) The demo tenant re-seeds via reset. 4) Audit shows seed activity only on demo tenants. | K69: 2
A70: PPIQ-T256 | B70: Complete Standard* contract tests | C70: P10 | D70: important | E70: Track 2 — Hardening | F70: App Frontend | G70: Quality / Contract Tests | H70: Ensure every Standard* primitive has a contract test asserting prop names/types/defaults and render shape (data-testid hooks). Fill gaps (Surface/Fields variants) beyond the existing Button/Table/Tabs tests. | I70: New Feature | J70: 1) Contract tests exist for all Standard* primitives. 2) A non-backward-compatible prop change fails a contract test. 3) Suite < 30s on every PR. | K70: 3
A71: Phase 11 — Demo Storytelling, Personas & Recording (Vision Track 3) | 6 tasks | 20 hrs
A72: PPIQ-T257 | B72: 25-step technical demo script with verification points | C72: P11 | D72: very important | E72: Track 3 — Demo | F72: Documentation | G72: Demo Scripts / Technical | H72: docs/demo/technical-demo-25-steps.md: 25 steps, each with [Action],[Expected UI state],[Verification checkpoint],[Recovery line],[Backend log indicator]. Covers login, connect each source, map/join one, delta sync, Data Quality, save investigation, calculate risk, export PDF, run ML readiness, run an inspection job + view the generated page, ask the assistant a question, view a suggestion, deploy a script-layer widget, view audit log, reset demo. Screenshots match the Standard*-migrated UI. | I72: New Feature | J72: 1) 25 steps, all five fields populated. 2) Screenshots match the current UI. 3) A new SE runs it end-to-end in < 40 min. 4) Each checkpoint is concrete. | K72: 4
A73: PPIQ-T258 | B73: 5-minute executive demo script with talk track | C73: P11 | D73: very important | E73: Track 3 — Demo | F73: Documentation | G73: Demo Scripts / Executive | H73: docs/demo/executive-demo-5min.md: 4 acts (problem 60s; solution 90s; demo 2m30s — search → drilldown → calculate risk → inspection job → ask the assistant → PDF; close 60s). Exact words + the screen to show per act. | I73: New Feature | J73: 1) Four acts, total 4:30–5:00 measured. 2) Deliverable from the script without rehearsal. 3) Each act references a specific page+state. | K73: 3
A74: PPIQ-T259 | B74: Recovery lines for known fail-points | C74: P11 | D74: important | E74: Track 3 — Demo | F74: Documentation | G74: Demo Scripts / Recovery | H74: docs/demo/recovery-lines.md: ≥12 known weak points (Oracle warm-up, first connector load, ML run latency, assistant latency, PDF render, network hiccup, stale cache) each with a calm, confident, non-apologetic recovery line + remediation gesture, in brand voice. | I74: New Feature | J74: 1) ≥12 fail-points covered. 2) Each line is calm and on-brand. 3) Founder review approves the tone. | K74: 2
A75: PPIQ-T260 | B75: Demo persona accounts (Operator, QA Lead, Plant Manager, Admin) | C75: P11 | D75: very important | E75: Track 3 — Demo | F75: Database | G75: Demo Lifecycle / Personas | H75: Seed four personas via the demo reset job with rotated credentials and tuned home pages (Operator: today's quality events; QA Lead: open investigations; Plant Manager: risk by line; Admin: system health). Role/tier restrictions enforced. | I75: New Feature | J75: 1) After reset all four log in. 2) Each home page is tuned per spec. 3) Operator cannot reach Admin pages. 4) Credentials documented (gitignored real values, vaulted). | K75: 3
A76: PPIQ-T261 | B76: Seed canonical demo plant layout (flat-steel) | C76: P11 | D76: very important | E76: Track 3 — Demo | F76: Database | G76: Demo Lifecycle / Canonical Layout | H76: Seed the canonical layout (EAF/LF/CC/TF/HSM/SKP/LCT/HCT/STL/PKL/GVL/Yard/Roll Shop) with realistic genealogy and per-area equipment/counters, applied via the demo reset job. Document at docs/demo/canonical-layout.md. | I76: New Feature | J76: 1) Layout after reset matches the documented canonical plant. 2) Genealogy intact across areas. 3) Process history/quality/risk realistic per material. 4) Re-applies cleanly via reset. | K76: 4
A77: PPIQ-T262 | B77: Record dry-run demo video + capture website screenshots | C77: P11 | D77: important | E77: Track 4 — Website | F77: Documentation | G77: Demo Recording / Website Assets | H77: After prior phases are green, record one 5-minute executive dry-run (screen+voice) on the Standard*-migrated UI and capture 10+ 1080p screenshots (login, dashboard, material search, drilldown, risk, inspection page, assistant, suggestion, PDF, audit, reset) into Website assets. | I77: New Feature | J77: 1) 5-min video at 1080p+. 2) 10+ screenshots at 1920×1080. 3) Website renders the new assets. 4) In-app/website visual consistency confirmed. | K77: 4
A78: Phase 12 — Website Track — 5-Product Showcase & Brand (Vision Track 4) | 9 tasks | 28 hrs
A79: PPIQ-T263 | B79: Produce the logo asset set per brand brief | C79: P12 | D79: important | E79: Track 4 — Website | F79: Web | G79: Website / Brand Assets | H79: Vision §2.4: produce the full logo set — full horizontal, icon-only favicon, stacked vertical — each in full-color, dark, light, monochrome — from the connected-node concept (Electric Cyan nodes on Deep Navy). Ship optimized SVG + PNG; wire into app header, website, and PDF reports. | I79: New Feature | J79: 1) All variants exist as SVG+PNG within palette. 2) Favicon + app header + website + PDF header use the correct variant. 3) No drop shadows/recolors/steel-only imagery. | K79: 3
A80: PPIQ-T264 | B80: PlantProcess IQ product page (full) — feature the AI assistant | C80: P12 | D80: very important | E80: Track 4 — Website | F80: Web | G80: Website / Product Page | H80: Vision Track 4 product 1: full PlantProcess IQ page — description, benefits, interactive graphics/screenshots, license matrix, golden-rule CTA — and prominently feature the honest, evidence-grade AI assistant ('ask your plant data, every answer cited'). Reuse PricingLicenseMatrix, ProductScreenshotShowcase. | I80: New Feature | J80: 1) Page covers description/benefits/graphics/license/CTA. 2) The AI assistant is featured with the honest framing. 3) CTA links to the live demo. 4) Responsive across viewports. | K80: 4
A81: PPIQ-T265 | B81: MES product page (full) | C81: P12 | D81: important | E81: Track 4 — Website | F81: Web | G81: Website / Product Page | H81: Vision Track 4 product 2: full Manufacturing Execution System page — description, benefits, interactive graphics, license, golden rule. Consistent brand grammar with the PPIQ page. | I81: New Feature | J81: 1) Full MES page with all required sections. 2) Brand-consistent with PPIQ page. 3) CTA wired. 4) Responsive. | K81: 3
A82: PPIQ-T266 | B82: QES product page (full) | C82: P12 | D82: important | E82: Track 4 — Website | F82: Web | G82: Website / Product Page | H82: Vision Track 4 product 3: full Quality Execution System page — description, benefits, interactive graphics, license, golden rule. | I82: New Feature | J82: 1) Full QES page with all required sections. 2) Brand-consistent. 3) CTA wired. 4) Responsive. | K82: 3
A83: PPIQ-T267 | B83: Yard & Warehouse Management product page (full) | C83: P12 | D83: important | E83: Track 4 — Website | F83: Web | G83: Website / Product Page | H83: Vision Track 4 product 4: full Yard & Warehouse Management page — description, benefits, interactive graphics, license, golden rule. | I83: New Feature | J83: 1) Full page with all required sections. 2) Brand-consistent. 3) CTA wired. 4) Responsive. | K83: 3
A84: PPIQ-T268 | B84: Energy Management product page (full) | C84: P12 | D84: important | E84: Track 4 — Website | F84: Web | G84: Website / Product Page | H84: Vision Track 4 product 5: full Energy Management page — description, benefits, interactive graphics, license, golden rule. | I84: New Feature | J84: 1) Full page with all required sections. 2) Brand-consistent. 3) CTA wired. 4) Responsive. | K84: 3
A85: PPIQ-T269 | B85: Pricing + CTA wired to lead capture & demo lifecycle | C85: P12 | D85: important | E85: Track 4 — Website | F85: Web | G85: Website / Pricing & CTA | H85: Three tiers (Pro/Pro Plus/Enterprise) with a feature matrix consistent with in-app licensing; 'Book a demo' posts to /api/leads with UTM params and triggers a calendar booking flow; leads reach the founder. Website CTA buttons match the in-app brand grammar. | I85: Enhancement | J85: 1) Pricing renders three tiers + feature matrix matching in-app gating. 2) Book-a-demo submits a lead and shows a booking flow. 3) Lead notification reaches the founder. 4) Brand consistency with the app. | K85: 4
A86: PPIQ-T270 | B86: Evidence-grade screenshots + case-study snippets | C86: P12 | D86: important | E86: Track 4 — Website | F86: Web | G86: Website / Proof | H86: Integrate the T262 screenshots into hero/features/proof with 'See it in the live demo' deep links, plus one evidence-grade case-study paragraph for the canonical plant (no exaggeration, brand voice). | I86: Enhancement | J86: 1) Hero/features/proof show post-migration UI. 2) CTAs deep-link to the page shown. 3) Case-study snippet is evidence-grade and on-brand. | K86: 3
A87: PPIQ-T271 | B87: Brand identity consistency audit (app + website + reports) | C87: P12 | D87: normal | E87: Track 4 — Website | F87: Web | G87: Website / Brand Audit | H87: Audit palette, typography (Inter / JetBrains Mono), logo usage, and tone across app, website, and PDF reports; fix any drift. Produce docs/brand/consistency-audit-{date}.md. | I87: Enhancement | J87: 1) Palette/typography/logo usage consistent across all three surfaces. 2) PDF reports use the light-mode brand header/footer. 3) Audit document lists and resolves every drift. | K87: 2
A88: Phase 13 — Legal Templates, Runbooks & Documentation | 8 tasks | 25.5 hrs
A89: PPIQ-T272 | B89: Mutual NDA template | C89: P13 | D89: important | E89: Track 4 — Website | F89: Documentation | G89: Legal / NDA | H89: docs/legal/NDA-mutual-v1.docx parameterized for {EffectiveDate}{Counterparty}{Term}: confidential-info definition, exclusions, term (default 3y), purpose limitation, return of materials, no implied license, governing law (Düsseldorf / German law default). Counsel review before first use. Plain-md version for diffing. | I89: New Feature | J89: 1) Docx template renders with placeholders. 2) Counsel sign-off captured in docs/legal/REVIEWS.md. 3) MD diff version checked in. | K89: 2
A90: PPIQ-T273 | B90: SOW pilot template | C90: P13 | D90: important | E90: Track 4 — Website | F90: Documentation | G90: Legal / SOW | H90: docs/legal/SOW-pilot-v1.docx: scope (sources connected, modules enabled, success metrics), duration (default 8 weeks), price, deliverables, acceptance criteria, change-control. Aligned with the pricing model. Counsel review. | I90: New Feature | J90: 1) Docx template renders with placeholders. 2) Pricing fields match the website pricing page. 3) Counsel sign-off captured. | K90: 2.5
A91: PPIQ-T274 | B91: DPA template aligned with GDPR (+ LLM provider disclosure) | C91: P13 | D91: important | E91: Track 4 — Website | F91: Documentation | G91: Legal / DPA | H91: docs/legal/DPA-gdpr-v1.docx: controller/processor roles, processing purposes, data categories, subprocessors (Hetzner; and ANY external LLM/embedding provider IF the assistant's API mode is enabled — with the data-minimization note that only abstracted findings are sent), security measures, breach notification (72h), audit rights, retention, deletion on termination. Counsel review. | I91: New Feature | J91: 1) Docx template renders with placeholders. 2) Subprocessor list matches the actual deployment incl. any LLM provider. 3) The air-gapped/disable-AI option is documented. 4) Counsel sign-off captured. | K91: 2.5
A92: PPIQ-T275 | B92: Deployment runbook (server, Compose, Caddy, Jenkins) | C92: P13 | D92: important | E92: Track 2 — Hardening | F92: Documentation | G92: Runbook / Deployment | H92: docs/runbook/deployment.md: bootstrap a fresh Hetzner Ubuntu server from zero to running PPIQ in < 30 min — SSH hardening, Docker, repo clone, .env prep, Caddy + Caddyfile, Jenkins + plugins + webhook + the Node tool fix (T201), first deploy, post-deploy verification. Each step has the exact command, expected output, and failure-and-remediation note. | I92: New Feature | J92: 1) A new engineer bootstraps a fresh server in < 30 min. 2) Every command verified live. 3) Failure modes documented with fixes. 4) Includes the Node/Jenkins fix so the build is green from scratch. | K92: 4
A93: PPIQ-T276 | B93: Incident-response runbook + daily backup job | C93: P13 | D93: important | E93: Track 2 — Hardening | F93: Documentation | G93: Runbook / Incident Response | H93: docs/runbook/incident-response.md: rollback to the previous container tag < 5 min, restore from Postgres backup, restore from audit-log replay, customer comms templates, severity matrix, escalation. Verify a daily backup job exists; if not, build it (offsite/encrypted). | I93: New Feature | J93: 1) Runbook covers the four scenarios with concrete commands. 2) Daily backup job exists, runs, stores backups offsite encrypted. 3) Restore tested end-to-end in a sandbox < 30 min. 4) Severity matrix + comms templates approved. | K93: 5
A94: PPIQ-T277 | B94: UI Standards onboarding for future contributors | C94: P13 | D94: important | E94: Track 2 — Hardening | F94: Documentation | G94: Documentation / Onboarding | H94: docs/ui-standards/contributing.md: canonical import paths, the ESLint rules, how to add/extend a Standard* component without breaking the contract, how to update design tokens. Reference the Storybook URL. Worked example: add a ProgressBar primitive in < 60 min. | I94: New Feature | J94: 1) Document references all Standard* primitives. 2) Worked example is reproducible. 3) A new contributor authors a primitive PR in < 60 min. | K94: 2.5
A95: PPIQ-T278 | B95: Widget script grammar reference for power users | C95: P13 | D95: important | E95: Track 1 — Workflow | F95: Documentation | G95: Documentation / Widget Grammar | H95: docs/widget-grammar/reference.md: the full grammar, every aggregate function, every filter operator, every limitation. 10+ worked examples. The explicit list of canonical schema views available. The SafeSqlValidator blocked patterns and why. Linked from the widget editor as inline help. | I95: New Feature | J95: 1) Reference covers the full grammar. 2) 10+ worked examples each compile and execute. 3) Linked from the WidgetExpressionEditor as inline help. | K95: 3
A96: PPIQ-T279 | B96: AI/ML subsystem architecture doc + tenant isolation & audit doc | C96: P13 | D96: important | E96: Track 2 — Hardening | F96: Documentation | G96: Documentation / Architecture | H96: Two docs for SOC 2 and customer security reviews: (1) docs/architecture/ml-engine-and-assistant-design.md committed and kept current with the implementation (the transparent-engine + RAG-assistant design, honesty contract, in-house-vs-API boundary); (2) docs/architecture/security-and-isolation.md — SingleTenantPerPilot, tenant_id row-level security, audit-log immutability triggers, retention defaults, encryption at rest/in transit, key rotation, backup encryption. Cross-reference AuditLogImmutabilityTests.cs. | I96: New Feature | J96: 1) The ML design doc matches the shipped engine + assistant. 2) The security doc covers all topics with diagrams. 3) Diagrams checked in as source + PNG. 4) Founder + counsel review for accuracy. | K96: 4

Sheet How to Use
A1: How to Use This Workbook (v5)
A3: Relationship to v4 | B3: v5 contains only OPEN work. v4 Phases 1–3 (PPIQ-T101–T118: schema mapping + two-stage delta import) were validated >90% on 30 May and are not repeated — their residuals are folded into P01 here. IDs continue from the prior series and start at PPIQ-T201 so they never collide with T101–T118.
A4: What changed from v4 | B4: (1) v4 P01–P03 removed as done. (2) Three new build-green hotfixes added (npm-in-Jenkins, migration-117 reconcile, ON_ERROR_STOP=1) plus carried residuals (full auth-matrix, ESLint gate, resolver/join hardening, delta-import tests, loopback scan). (3) The ML/AI subsystem is rebuilt per the engine + assistant design: a data-foundation phase, the learning engine with full statistical rigor, inspection→pages, a split suggestion-feed vs conversational-RAG-agent, and a risk-scorer/governance phase.
A5: Audience | B5: Founder / lead developer (Karim) and future contributors. Single source of truth for what 'finished' means against the 4-Track Vision, now including the transparent statistical ML engine and the honest, evidence-cited AI assistant.
A6: Sheets | B6: Task List (79 tasks, 13 phases); How to Use; Phase Summary (formula-driven); UI Standards Reference; Rollups (formula-driven).
A7: Severity scale | B7: critical > very important > important > normal > optional. Phase 1 is build-green: until the npm fix (T201), migration-117 reconcile (T202) and ON_ERROR_STOP=1 (T203) land, the pipeline stays red and deploys onto a half-migrated DB.
A8: ML/AI honesty contract | B8: The analytical core is deterministic, in-house, and statistical. The LLM is the VOICE, never the brain — it phrases already-computed, evidence-backed findings, never computes or invents numbers. 'Experience' lives in the accumulating knowledge base, not in model weights. Every finding carries effective-n, q-value, effect size, stability flag, and an evidence link. Forbidden: 'prediction', 'guaranteed root cause', 'AI-powered prediction', 'production-ready AI'. Approved: 'suspected contributor', 'statistical correlation', 'rule-based risk scoring'.
A9: In-house vs API | B9: The statistical engine is always in-house (not an LLM task). The natural-language layer sits behind INarrativeProvider/IEmbeddingProvider — API-default for quality/speed, self-hostable for air-gapped or governance-sensitive customers; only abstracted findings ever cross an external boundary. 'Works fully air-gapped; AI narration optional' is a selling point.
A10: Tracks / Modules | B10: Tracks: Workflow / Hardening / Demo / Website. Modules: App Frontend, App Backend, Database, Infrastructure, Web, Documentation.
A11: Effort | B11: Hours for one experienced full-stack engineer. Days = hours / 6. Add 25–35% buffer for review/integration/validation. Totals computed on Phase Summary and Rollups.
A12: Validation | B12: A task is Done only when every validation step passes. CI gates and post-deploy probes enforce this where possible. Recommended order is strictly top-to-bottom: P01 build-green first; P02 the ML data foundation; P03–P07 the engine, pages, assistant, scorer; P08 the page builder; P09 demo-at-scale; P10 hardening; P11 storytelling; P12 website; P13 legal/docs.
A13: Vision alignment | B13: Completing every task brings the 4-Track Vision to 100% at the depth specified — generic data lifecycle, a transparent ML engine with scheduled learning + generated analysis pages + an evidence-cited conversational assistant, a hardened HMI, a live-configurable demo at scale, and a 5-product website.

Sheet Phase Summary
A1: Phase Summary — effort, severity, and module distribution
A2: Recommended execution order: top-to-bottom. Counts and effort computed live from the Task List sheet.
A3: Phase ID | B3: Phase Name | C3: Tasks | D3: Critical | E3: Very Important | F3: Important | G3: Normal | H3: Effort (hrs) | I3: Effort (days)
A4: P01 | B4: Hotfixes & Build-Green Closeout | C4: =COUNTIF('Task List'!$C$6:$C$96,A4) -> 8 | D4: =COUNTIFS('Task List'!$C$6:$C$96,A4,'Task List'!$D$6:$D$96,"critical") -> 2 | E4: =COUNTIFS('Task List'!$C$6:$C$96,A4,'Task List'!$D$6:$D$96,"very important") -> 3 | F4: =COUNTIFS('Task List'!$C$6:$C$96,A4,'Task List'!$D$6:$D$96,"important") -> 3 | G4: =COUNTIFS('Task List'!$C$6:$C$96,A4,'Task List'!$D$6:$D$96,"normal") -> 0 | H4: =SUMIF('Task List'!$C$6:$C$96,A4,'Task List'!$K$6:$K$96) -> 18.5 | I4: =H4/6 -> 3.0833333
A5: P02 | B5: ML Engine — Data Foundation & Feature Store (Vision §3 prerequisite) | C5: =COUNTIF('Task List'!$C$6:$C$96,A5) -> 5 | D5: =COUNTIFS('Task List'!$C$6:$C$96,A5,'Task List'!$D$6:$D$96,"critical") -> 0 | E5: =COUNTIFS('Task List'!$C$6:$C$96,A5,'Task List'!$D$6:$D$96,"very important") -> 3 | F5: =COUNTIFS('Task List'!$C$6:$C$96,A5,'Task List'!$D$6:$D$96,"important") -> 2 | G5: =COUNTIFS('Task List'!$C$6:$C$96,A5,'Task List'!$D$6:$D$96,"normal") -> 0 | H5: =SUMIF('Task List'!$C$6:$C$96,A5,'Task List'!$K$6:$K$96) -> 32 | I5: =H5/6 -> 5.3333333
A6: P03 | B6: ML Engine — Scheduled Correlation Learning (Vision §3.1) | C6: =COUNTIF('Task List'!$C$6:$C$96,A6) -> 6 | D6: =COUNTIFS('Task List'!$C$6:$C$96,A6,'Task List'!$D$6:$D$96,"critical") -> 2 | E6: =COUNTIFS('Task List'!$C$6:$C$96,A6,'Task List'!$D$6:$D$96,"very important") -> 2 | F6: =COUNTIFS('Task List'!$C$6:$C$96,A6,'Task List'!$D$6:$D$96,"important") -> 2 | G6: =COUNTIFS('Task List'!$C$6:$C$96,A6,'Task List'!$D$6:$D$96,"normal") -> 0 | H6: =SUMIF('Task List'!$C$6:$C$96,A6,'Task List'!$K$6:$K$96) -> 38 | I6: =H6/6 -> 6.3333333
A7: P04 | B7: ML Engine — Inspection Jobs to Generated Pages (Vision §3.2) | C7: =COUNTIF('Task List'!$C$6:$C$96,A7) -> 6 | D7: =COUNTIFS('Task List'!$C$6:$C$96,A7,'Task List'!$D$6:$D$96,"critical") -> 0 | E7: =COUNTIFS('Task List'!$C$6:$C$96,A7,'Task List'!$D$6:$D$96,"very important") -> 4 | F7: =COUNTIFS('Task List'!$C$6:$C$96,A7,'Task List'!$D$6:$D$96,"important") -> 2 | G7: =COUNTIFS('Task List'!$C$6:$C$96,A7,'Task List'!$D$6:$D$96,"normal") -> 0 | H7: =SUMIF('Task List'!$C$6:$C$96,A7,'Task List'!$K$6:$K$96) -> 31 | I7: =H7/6 -> 5.1666667
A8: P05 | B8: ML Assistant — Suggestion Feed (Vision §3.3 proactive) | C8: =COUNTIF('Task List'!$C$6:$C$96,A8) -> 4 | D8: =COUNTIFS('Task List'!$C$6:$C$96,A8,'Task List'!$D$6:$D$96,"critical") -> 0 | E8: =COUNTIFS('Task List'!$C$6:$C$96,A8,'Task List'!$D$6:$D$96,"very important") -> 2 | F8: =COUNTIFS('Task List'!$C$6:$C$96,A8,'Task List'!$D$6:$D$96,"important") -> 2 | G8: =COUNTIFS('Task List'!$C$6:$C$96,A8,'Task List'!$D$6:$D$96,"normal") -> 0 | H8: =SUMIF('Task List'!$C$6:$C$96,A8,'Task List'!$K$6:$K$96) -> 21 | I8: =H8/6 -> 3.5
A9: P06 | B9: ML Assistant — Conversational RAG Agent (Vision §3.3 conversational) | C9: =COUNTIF('Task List'!$C$6:$C$96,A9) -> 6 | D9: =COUNTIFS('Task List'!$C$6:$C$96,A9,'Task List'!$D$6:$D$96,"critical") -> 0 | E9: =COUNTIFS('Task List'!$C$6:$C$96,A9,'Task List'!$D$6:$D$96,"very important") -> 5 | F9: =COUNTIFS('Task List'!$C$6:$C$96,A9,'Task List'!$D$6:$D$96,"important") -> 1 | G9: =COUNTIFS('Task List'!$C$6:$C$96,A9,'Task List'!$D$6:$D$96,"normal") -> 0 | H9: =SUMIF('Task List'!$C$6:$C$96,A9,'Task List'!$K$6:$K$96) -> 39 | I9: =H9/6 -> 6.5
A10: P07 | B10: Risk Scorer & Model Governance (Vision §3 cross-cutting) | C10: =COUNTIF('Task List'!$C$6:$C$96,A10) -> 4 | D10: =COUNTIFS('Task List'!$C$6:$C$96,A10,'Task List'!$D$6:$D$96,"critical") -> 0 | E10: =COUNTIFS('Task List'!$C$6:$C$96,A10,'Task List'!$D$6:$D$96,"very important") -> 0 | F10: =COUNTIFS('Task List'!$C$6:$C$96,A10,'Task List'!$D$6:$D$96,"important") -> 3 | G10: =COUNTIFS('Task List'!$C$6:$C$96,A10,'Task List'!$D$6:$D$96,"normal") -> 1 | H10: =SUMIF('Task List'!$C$6:$C$96,A10,'Task List'!$K$6:$K$96) -> 18 | I10: =H10/6 -> 3
A11: P08 | B11: Page Builder & Widget Library (Vision §2.1–2.2) | C11: =COUNTIF('Task List'!$C$6:$C$96,A11) -> 5 | D11: =COUNTIFS('Task List'!$C$6:$C$96,A11,'Task List'!$D$6:$D$96,"critical") -> 0 | E11: =COUNTIFS('Task List'!$C$6:$C$96,A11,'Task List'!$D$6:$D$96,"very important") -> 3 | F11: =COUNTIFS('Task List'!$C$6:$C$96,A11,'Task List'!$D$6:$D$96,"important") -> 2 | G11: =COUNTIFS('Task List'!$C$6:$C$96,A11,'Task List'!$D$6:$D$96,"normal") -> 0 | H11: =SUMIF('Task List'!$C$6:$C$96,A11,'Task List'!$K$6:$K$96) -> 30 | I11: =H11/6 -> 5
A12: P09 | B12: Demo Source-Database Suite at Real Scale (Vision Track 3) | C12: =COUNTIF('Task List'!$C$6:$C$96,A12) -> 4 | D12: =COUNTIFS('Task List'!$C$6:$C$96,A12,'Task List'!$D$6:$D$96,"critical") -> 0 | E12: =COUNTIFS('Task List'!$C$6:$C$96,A12,'Task List'!$D$6:$D$96,"very important") -> 3 | F12: =COUNTIFS('Task List'!$C$6:$C$96,A12,'Task List'!$D$6:$D$96,"important") -> 1 | G12: =COUNTIFS('Task List'!$C$6:$C$96,A12,'Task List'!$D$6:$D$96,"normal") -> 0 | H12: =SUMIF('Task List'!$C$6:$C$96,A12,'Task List'!$K$6:$K$96) -> 25 | I12: =H12/6 -> 4.1666667
A13: P10 | B13: Hardening Completion & Resilience (Vision Track 2) | C13: =COUNTIF('Task List'!$C$6:$C$96,A13) -> 8 | D13: =COUNTIFS('Task List'!$C$6:$C$96,A13,'Task List'!$D$6:$D$96,"critical") -> 0 | E13: =COUNTIFS('Task List'!$C$6:$C$96,A13,'Task List'!$D$6:$D$96,"very important") -> 2 | F13: =COUNTIFS('Task List'!$C$6:$C$96,A13,'Task List'!$D$6:$D$96,"important") -> 6 | G13: =COUNTIFS('Task List'!$C$6:$C$96,A13,'Task List'!$D$6:$D$96,"normal") -> 0 | H13: =SUMIF('Task List'!$C$6:$C$96,A13,'Task List'!$K$6:$K$96) -> 35 | I13: =H13/6 -> 5.8333333
A14: P11 | B14: Demo Storytelling, Personas & Recording (Vision Track 3) | C14: =COUNTIF('Task List'!$C$6:$C$96,A14) -> 6 | D14: =COUNTIFS('Task List'!$C$6:$C$96,A14,'Task List'!$D$6:$D$96,"critical") -> 0 | E14: =COUNTIFS('Task List'!$C$6:$C$96,A14,'Task List'!$D$6:$D$96,"very important") -> 4 | F14: =COUNTIFS('Task List'!$C$6:$C$96,A14,'Task List'!$D$6:$D$96,"important") -> 2 | G14: =COUNTIFS('Task List'!$C$6:$C$96,A14,'Task List'!$D$6:$D$96,"normal") -> 0 | H14: =SUMIF('Task List'!$C$6:$C$96,A14,'Task List'!$K$6:$K$96) -> 20 | I14: =H14/6 -> 3.3333333
A15: P12 | B15: Website Track — 5-Product Showcase & Brand (Vision Track 4) | C15: =COUNTIF('Task List'!$C$6:$C$96,A15) -> 9 | D15: =COUNTIFS('Task List'!$C$6:$C$96,A15,'Task List'!$D$6:$D$96,"critical") -> 0 | E15: =COUNTIFS('Task List'!$C$6:$C$96,A15,'Task List'!$D$6:$D$96,"very important") -> 1 | F15: =COUNTIFS('Task List'!$C$6:$C$96,A15,'Task List'!$D$6:$D$96,"important") -> 7 | G15: =COUNTIFS('Task List'!$C$6:$C$96,A15,'Task List'!$D$6:$D$96,"normal") -> 1 | H15: =SUMIF('Task List'!$C$6:$C$96,A15,'Task List'!$K$6:$K$96) -> 28 | I15: =H15/6 -> 4.6666667
A16: P13 | B16: Legal Templates, Runbooks & Documentation | C16: =COUNTIF('Task List'!$C$6:$C$96,A16) -> 8 | D16: =COUNTIFS('Task List'!$C$6:$C$96,A16,'Task List'!$D$6:$D$96,"critical") -> 0 | E16: =COUNTIFS('Task List'!$C$6:$C$96,A16,'Task List'!$D$6:$D$96,"very important") -> 0 | F16: =COUNTIFS('Task List'!$C$6:$C$96,A16,'Task List'!$D$6:$D$96,"important") -> 8 | G16: =COUNTIFS('Task List'!$C$6:$C$96,A16,'Task List'!$D$6:$D$96,"normal") -> 0 | H16: =SUMIF('Task List'!$C$6:$C$96,A16,'Task List'!$K$6:$K$96) -> 25.5 | I16: =H16/6 -> 4.25
A17: TOTAL | B17: All open phases | C17: =SUM(C4:C16) -> 79 | D17: =SUM(D4:D16) -> 4 | E17: =SUM(E4:E16) -> 32 | F17: =SUM(F4:F16) -> 41 | G17: =SUM(G4:G16) -> 2 | H17: =SUM(H4:H16) -> 361 | I17: =H17/6 -> 60.166667
A19: Effort-days assume 6 productive engineering hours per workday. Add 25–35% buffer for review, integration, and validation.

Sheet UI Standards Reference
A1: UI Standards — Canonical Component Contract (enforced)
A2: Every interactive element across all existing AND new pages (incl. ML Correlation, Suggestions, Assistant, Schema Mapping, Two-Stage Import) must conform. Enforced via ESLint, CI lint, review, Storybook.
A3: Component | B3: Canonical Path | C3: Variants / Modes | D3: Required Props | E3: Required States
A4: StandardButton | B4: src/components/standard/StandardButton.tsx | C4: primary | secondary | ghost | danger | success | icon-only | D4: variant, size, leadingIcon, trailingIcon, isLoading, isDisabled, fullWidth, onClick, type, ariaLabel | E4: default, hover, focus (cyan ring), active, disabled (40%), loading (spinner + aria-busy)
A5: StandardTable | B5: src/components/standard/StandardTable.tsx | C5: client | server | virtualized (>500 rows) | D5: columns, data, isLoading, hasError, onRetry, totalCount, onRowClick, density, selectable, exportable | E5: loading (skeleton), error ('Refreshing X…' + retry), empty, populated, sorted, filtered, paginated
A6: StandardTabs | B6: src/components/standard/StandardTabs.tsx | C6: horizontal | vertical | scroll-on-overflow | D6: items, value, onChange, orientation, lazy, urlParam | E6: default, active (indicator), hover, disabled, overflow-scrollable, keyboard-focused
A7: StandardInput / Select / TextArea | B7: src/components/standard/StandardFields.tsx | C7: text/email/password/number/search; single/multi/searchable; default/code | D7: label, helperText, error, value, onChange, required, disabled, isLoading, size, (options, multiple, searchable) | E7: default, focus, error (helper-text), disabled, with-value, code-mode (mono)
A8: StandardCard / Modal / Toast | B8: src/components/standard/StandardSurface.tsx | C8: flat/raised/floating; sm-xl; info/success/warning/error/loading | D8: title, actions, elevation, open, onClose, size, dismiss flags, variant, duration | E8: default, hover, with-actions, open (focus-trapped), dirty-blocked, toast slide-in + progress
A9: DataFetchBoundary | B9: src/components/standard/DataFetchBoundary.tsx | C9: default | skeleton-mirror | D9: isLoading, hasError, onRetry, loadingFallback, errorFallback, children | E9: loading ('Refreshing X…'), error (+retry, auto-retry-5s), success
A10: ErrorBoundary | B10: src/components/standard/ErrorBoundary.tsx | C10: app | route | component | D10: fallback, onError, resetKeys, children | E10: caught (fallback + /diagnostics/client-error beacon), retrying, recovered
A12: FORBIDDEN PATTERNS (CI-enforced)
A13: Forbidden phrase | B13: 'could not be loaded' / 'could not load' | C13: Use the 'Refreshing X…' pattern. Founder's #1 non-negotiable (Vision §2).
A14: Forbidden ML claims | B14: 'guaranteed root cause' / 'AI-powered prediction' / 'production-ready AI' / 'predicts' | C14: Use 'suspected contributor' / 'statistical correlation' / 'rule-based risk scoring'. Enforced on ML + assistant surfaces.
A15: Native element | B15: <button>/<input>/<select>/<table>/<textarea> in src/pages|features | C15: Use Standard* primitives (ESLint no-restricted-syntax).
A16: Deprecated path | B16: import from src/components/hardening/* or src/hardening/* | C16: Use src/components/standard/*.
A17: LLM invents numbers | B17: assistant emits a figure not present in retrieved evidence/tool results | C17: The LLM phrases evidence it is handed; it never computes or invents. Grounding tests enforce.

Sheet Rollups
A1: Rollups — by Severity, Track, Module, Type (computed live)
A2: By Severity | E2: By Track | I2: By Module | M2: By Type
A3: Severity | B3: Count | C3: Effort (hrs) | E3: Track | F3: Count | G3: Effort (hrs) | I3: Module | J3: Count | K3: Effort (hrs) | M3: Type | N3: Count | O3: Effort (hrs)
A4: critical | B4: =COUNTIF('Task List'!$D$6:$D$96,A4) -> 4 | C4: =SUMIF('Task List'!$D$6:$D$96,A4,'Task List'!$K$6:$K$96) -> 26 | E4: Track 1 — Workflow | F4: =COUNTIF('Task List'!$E$6:$E$96,E4) -> 32 | G4: =SUMIF('Task List'!$E$6:$E$96,E4,'Task List'!$K$6:$K$96) -> 186 | I4: App Frontend | J4: =COUNTIF('Task List'!$F$6:$F$96,I4) -> 15 | K4: =SUMIF('Task List'!$F$6:$F$96,I4,'Task List'!$K$6:$K$96) -> 82 | M4: New Feature | N4: =COUNTIF('Task List'!$I$6:$I$96,M4) -> 57 | O4: =SUMIF('Task List'!$I$6:$I$96,M4,'Task List'!$K$6:$K$96) -> 280.5
A5: very important | B5: =COUNTIF('Task List'!$D$6:$D$96,A5) -> 32 | C5: =SUMIF('Task List'!$D$6:$D$96,A5,'Task List'!$K$6:$K$96) -> 180.5 | E5: Track 2 — Hardening | F5: =COUNTIF('Task List'!$E$6:$E$96,E5) -> 26 | G5: =SUMIF('Task List'!$E$6:$E$96,E5,'Task List'!$K$6:$K$96) -> 101 | I5: App Backend | J5: =COUNTIF('Task List'!$F$6:$F$96,I5) -> 29 | K5: =SUMIF('Task List'!$F$6:$F$96,I5,'Task List'!$K$6:$K$96) -> 160 | M5: Enhancement | N5: =COUNTIF('Task List'!$I$6:$I$96,M5) -> 15 | O5: =SUMIF('Task List'!$I$6:$I$96,M5,'Task List'!$K$6:$K$96) -> 65.5
A6: important | B6: =COUNTIF('Task List'!$D$6:$D$96,A6) -> 41 | C6: =SUMIF('Task List'!$D$6:$D$96,A6,'Task List'!$K$6:$K$96) -> 148.5 | E6: Track 3 — Demo | F6: =COUNTIF('Task List'!$E$6:$E$96,E6) -> 8 | G6: =SUMIF('Task List'!$E$6:$E$96,E6,'Task List'!$K$6:$K$96) -> 35 | I6: Database | J6: =COUNTIF('Task List'!$F$6:$F$96,I6) -> 9 | K6: =SUMIF('Task List'!$F$6:$F$96,I6,'Task List'!$K$6:$K$96) -> 40 | M6: Bug Fix | N6: =COUNTIF('Task List'!$I$6:$I$96,M6) -> 7 | O6: =SUMIF('Task List'!$I$6:$I$96,M6,'Task List'!$K$6:$K$96) -> 15
A7: normal | B7: =COUNTIF('Task List'!$D$6:$D$96,A7) -> 2 | C7: =SUMIF('Task List'!$D$6:$D$96,A7,'Task List'!$K$6:$K$96) -> 6 | E7: Track 4 — Website | F7: =COUNTIF('Task List'!$E$6:$E$96,E7) -> 13 | G7: =SUMIF('Task List'!$E$6:$E$96,E7,'Task List'!$K$6:$K$96) -> 39 | I7: Infrastructure | J7: =COUNTIF('Task List'!$F$6:$F$96,I7) -> 5 | K7: =SUMIF('Task List'!$F$6:$F$96,I7,'Task List'!$K$6:$K$96) -> 12.5 | M7: TOTAL | N7: =SUM(N4:N6) -> 79 | O7: =SUM(O4:O6) -> 361
A8: optional | B8: =COUNTIF('Task List'!$D$6:$D$96,A8) -> 0 | C8: =SUMIF('Task List'!$D$6:$D$96,A8,'Task List'!$K$6:$K$96) -> 0 | E8: TOTAL | F8: =SUM(F4:F7) -> 79 | G8: =SUM(G4:G7) -> 361 | I8: Web | J8: =COUNTIF('Task List'!$F$6:$F$96,I8) -> 9 | K8: =SUMIF('Task List'!$F$6:$F$96,I8,'Task List'!$K$6:$K$96) -> 28
A9: TOTAL | B9: =SUM(B4:B8) -> 79 | C9: =SUM(C4:C8) -> 361 | I9: Documentation | J9: =COUNTIF('Task List'!$F$6:$F$96,I9) -> 12 | K9: =SUMIF('Task List'!$F$6:$F$96,I9,'Task List'!$K$6:$K$96) -> 38.5
I10: TOTAL | J10: =SUM(J4:J9) -> 79 | K10: =SUM(K4:K9) -> 361
