Workbook

Sheet Read Me
B2: PlantProcess IQ | C2: v5
B3: Conformance Roadmap — current build → full v5 vision
B6: Purpose
B7: This workbook turns the Implementation Conformance Audit into an executable plan. It takes the current PlantProcess IQ build and sequences every remaining piece of the v5 doctrine into 14 deployable phases — closing the gaps, reworking what was done weakly, fixing the defects found while scanning the code, and shaping the product out of its current proof-shaped form.
B9: How to use it
B10: • Work the phases top to bottom. They are ordered by priority and by prerequisite, so each phase builds on the ones before it.
B11: • Every phase is sized 45–65 hours and ends in a hard validation gate. At each phase boundary you can deploy: there is something new to show and nothing left broken.
B12: • On the Task List sheet, use the filter to focus by Phase, Severity, Track, Module, or Task Type. Descriptions are written so a junior developer knows what to build and which files to touch; acceptance criteria are real tests, not 'the build passes'.
B13: • Phase Plan shows live task counts and hour totals per phase (and flags anything outside 45–65h). Dashboard summarises the backlog by severity, track and task type.
B15: Phase rules baked into this plan
B16: Each phase is 45–65h · ordered by priority + prerequisites · deployable at its boundary (new to show, nothing broken) · similar work grouped so the same file is not reopened across distant tasks · every phase closes with deep, realistic regression + new tests that also keep all existing unit / integration / e2e / dotnet suites green.
B18: Already remediated — verified in code, NOT tasks
B19: While scanning the snapshot I confirmed three earlier-flagged security risks are already fixed, so they are deliberately not in the backlog: (1) the JWT signing key now fails fast at startup if it is unset or under 32 chars (Program.cs); (2) the dev-seed endpoints (/dev) are gated behind IsDevelopment() and are not mapped in production; (3) PostgreSQL is bound to 127.0.0.1 in compose, not exposed publicly. P01-T06 simply adds guard tests so these cannot regress.
B21: Severity legend
B22: Term | C22: Meaning
B23: Critical | C23: Blocks pilots / security or data-integrity exposure. Do first.
B24: Very important | C24: Required for an enterprise-grade, trustworthy product.
B25: Important | C25: Materially strengthens the product or unblocks a market.
B26: Normal | C26: Solid improvement; schedule within its phase.
B27: Optional | C27: Nice to have; lowest priority.
B29: Track legend (workstream)
B30: Term | C30: Meaning
B31: Hardening | C31: Security, isolation, scale and reliability foundations.
B32: AI+ML | C32: Assistant model gateway, data boundary, evaluation.
B33: Workflow | C33: Core product workflows: mapping, canonical, connectors.
B34: Security | C34: Enterprise identity and licensing.
B35: Web | C35: Website, leads, outbound notifications, case loop.
B36: FrontEnd | C36: Internationalization, RTL and mobile UX.
B37: Deploy | C37: Deployment topologies, DR, portability.
B38: Testing | C38: Phase validation and regression gates.
B40: Task Type legend
B41: Term | C41: Meaning
B42: New feature | C42: Net-new capability.
B43: Refactor | C43: Restructure existing code without changing behavior.
B44: Modification | C44: Change behavior of existing code.
B45: Hardening | C45: Security / robustness improvement to existing code.
B46: Bug fix | C46: Corrects a defect found in the code.
B47: Test | C47: Validation, regression and acceptance testing.

Sheet Task List
A1: Task ID | B1: Task Name | C1: Phase | D1: Track | E1: Module | F1: Submodule | G1: Severity | H1: Description | I1: Acceptance Criteria | J1: Task Type | K1: Effort (h)
A2: P01-T01 | B2: Retire localStorage access token → in-memory + HttpOnly refresh cookie | C2: P01 · Security & Hygiene Foundation | D2: Hardening | E2: FrontEnd + Backend | F2: Identity / Auth | G2: Critical | H2: Remove every access-token read/write from window.localStorage and sessionStorage (~42 occurrences across the app). Hold the access token only in memory (a React context or module-scoped variable); the backend issues the refresh token as an HttpOnly, Secure, SameSite=Strict cookie on login and /auth/refresh, and stops returning it in the JSON body. Add a silent-refresh flow: on app load and on any 401, call /auth/refresh (cookie-based) once, then retry the original request. Update the central API client (axios/fetch wrapper) to attach the in-memory token and never read it from storage. Touch AuthEndpoints.cs (set/clear cookie) and the frontend auth store + API client. | I2: • Playwright: after login, localStorage and sessionStorage contain NO auth/JWT/refresh keys (assert known keys absent). • The refresh cookie carries HttpOnly + Secure + SameSite flags (assert on Set-Cookie). • Page reload restores the session via the cookie (in-memory token gone, user still authenticated). • A forced 401 triggers exactly one silent refresh, then a successful retry. • dotnet + npm e2e auth suites green. | J2: Refactor | K2: 12
A3: P01-T02 | B3: Migrate password hashing to Argon2id with on-login rehash | C3: P01 · Security & Hygiene Foundation | D3: Hardening | E3: Backend | F3: Identity / Auth | G3: Critical | H3: Add Argon2id (e.g., Konscious.Security.Cryptography or libsodium) as the default PasswordHasher with configurable params (m≈64MB, t=3, p=1). Store the algorithm id + params next to the hash. On login, verify against the stored algorithm; if it is the legacy PBKDF2 (Rfc2898), verify with PBKDF2 then transparently re-hash with Argon2id and update the user record. Keep the PBKDF2 verify path only for backward compatibility. Touch AuthStore.cs / PasswordHasher. | I3: • Unit: Argon2id hash↔verify round-trips; wrong password fails. • Unit: a seeded legacy PBKDF2 user logs in successfully AND the stored hash is upgraded to Argon2id (assert algorithm column flips to argon2id). • Params are read from configuration (not hardcoded). • dotnet test green. | J3: Hardening | K3: 8
A4: P01-T03 | B4: Secrets: signing key, DB & connector creds from secret store, fail-fast + rotation | C4: P01 · Security & Hygiene Foundation | D4: Hardening | E4: Backend + Security + Infrastructure | F4: Secrets | G4: Very important | H4: The JWT SigningKey fail-fast already exists (Program.cs rejects keys <32 chars). Extend the posture: load SigningKey, DB connection string, and connector credentials ONLY from environment/secret store — no secret literals committed in appsettings*.json. Add a startup self-check that logs which required secrets resolved (names only, never values). Document a key-rotation runbook with an overlap window so tokens signed by the previous key still validate during rollover (support a primary + secondary validation key). | I4: • Integration: app refuses to start when any required secret is missing (assert fail-fast + clear message). • CI grep gate: zero secret literals in committed appsettings*.json. • Rotation test: a token signed with the previous key still validates while both keys are configured; stops validating after the old key is removed. • Logs never contain secret values (log-scan test). | J4: Hardening | K4: 6
A5: P01-T04 | B5: Repo hygiene: evict backups & generated artifacts from tracked/audited source | C5: P01 · Security & Hygiene Foundation | D5: Hardening | E5: Infrastructure | F5: Tooling / Repo | G5: Very important | H5: Remove from version control AND from the audit export: all *.bak / *.fixbak files, '_'-prefixed backup folders (e.g. _fin_backup_*, _phase9_*, _p6_close_backup_*), storybook-static, generated JS bundles/dist, coverage output, and old Documentation/UltimateAudit_* exports — together ~121 backup/temp files plus storybook-static that inflate line counts and pollute analysis. Extend .gitignore to exclude them and add an audit-export allowlist so future exports capture only real source (exclude node_modules, dist, storybook-static, coverage, *.bak*). Move genuinely reusable scripts into a maintained /scripts with a short README. | I5: • git status shows no backup/generated artifacts; a pre-commit/CI check fails if a *.bak*, storybook-static, dist, or coverage path is staged. • A fresh audit export contains ZERO backup/generated files (assert file-count drop and that no storybook-static path appears). • Build and app still run after the removal (smoke). | J5: Refactor | K5: 8
A6: P01-T05 | B6: CI/validation integrity: atomic, exit-code-enforced, runtime-backed | C6: P01 · Security & Hygiene Foundation | D6: Hardening | E6: Testing | F6: CI / Validation | G6: Very important | H6: Audit every PowerShell/shell/Node validation script. Add `set -euo pipefail` (shell) and `$ErrorActionPreference='Stop'` (PowerShell); ensure every external command's exit code is checked and propagated; remove unconditional 'PASS'/`exit 0` success prints that can execute after a failure (there are several bare `exit 0` and `echo "... PASSED"` lines today). Convert weak 'file contains regex X' structural checks to runtime-backed checks where feasible (start the app/headless and assert behavior, or assert the rendered artifact). Re-create the Phase-10 failure (validate:content passed while JetBrains Mono was missing, and a manual PASS printed after a failure) as a guarded regression test that MUST fail the pipeline. | I6: • Inject a deliberately failing step → the pipeline exits non-zero (test asserts overall failure). • No script prints PASS after a failed command (grep gate + a runtime probe that fails a step and checks no PASS line). • validate:content FAILS when a required font/asset is absent (reproduce the Phase-10 bug as a guarded test). • All CI scripts return correct exit codes. | J6: Bug fix | K6: 10
A7: P01-T06 | B7: Lock-in production config posture (verify already-fixed items) | C7: P01 · Security & Hygiene Foundation | D7: Hardening | E7: Backend + Security | F7: Config | G7: Important | H7: Add guard tests that LOCK already-correct production behavior so it cannot regress: dev-seed endpoints (/dev) are not mapped outside Development (currently gated by IsDevelopment — keep it); Postgres is bound to 127.0.0.1 only (currently correct in compose); the bootstrap admin must be rotated on first production boot. These are in good shape today; this task is purely regression protection. | I7: • Test: GET /dev/* returns 404 when ASPNETCORE_ENVIRONMENT=Production. • Compose lint asserts no 0.0.0.0 public bind for postgres. • First-boot check forces bootstrap-admin rotation; the seeded default credential cannot log in after setup (test). | J7: Test | K7: 4
A8: P01-T07 | B8: Phase 1 validation & regression gate | C8: P01 · Security & Hygiene Foundation | D8: Testing | E8: Testing | F8: Regression | G8: Critical | H8: Assemble a security regression suite covering T01–T06 and wire it into CI as a required gate. Run the full existing dotnet test, npm run test, and npm run e2e suites and fix any breakage the auth/cookie refactor introduces (token-retrieval changes commonly break API-client mocks and e2e login helpers). | I8: • New security suite green and required in CI (blocks merge on failure). • ALL pre-existing unit/integration/e2e/dotnet suites green. • Manual smoke on the deployed server passes: login, refresh, logout, 401-retry. | J8: Test | K8: 5
A9: P02-T01 | B9: PostgreSQL Row-Level Security on all tenant tables | C9: P02 · Database-Enforced Isolation | D9: Hardening | E9: Database + Backend + Security | F9: Tenant Isolation | G9: Critical | H9: For every tenant-scoped table, ENABLE and FORCE ROW LEVEL SECURITY and add deny-by-default policies keyed on a session GUC, e.g. USING (tenant_id = current_setting('app.current_tenant')::uuid). Create a dedicated low-privilege application role that is subject to RLS (NOT the table owner and NOT BYPASSRLS). Provide an idempotent migration enabling policies table-by-table. This adds defense-in-depth beneath the ~532 app-level TenantId checks (today there are 0 RLS policies). | I9: • Integration: with tenant A's GUC set, a raw SELECT over a mixed-tenant table returns ONLY A's rows — even after deleting the app's WHERE clause. • No GUC set → zero rows (deny-by-default). • A cross-tenant UPDATE/DELETE affects zero rows. • Assert the app role is not owner and lacks BYPASSRLS. • Existing data-access tests green. | J9: New feature | K9: 16
A10: P02-T02 | B10: Per-request tenant GUC interceptor + worker scoping + audit | C10: P02 · Database-Enforced Isolation | D10: Hardening | E10: Backend | F10: Tenant Isolation | G10: Very important | H10: Implement a Npgsql connection interceptor (or DbContext interceptor) that, immediately after opening the connection within the request transaction, issues SET LOCAL app.current_tenant = <tenant-from-principal>. Background workers must set the tenant explicitly per job and refuse to run unscoped. Log tenant context per request for audit. Ensure no static/shared state leaks tenant across concurrent requests. | I10: • Test: the GUC is set before any query executes and reset at request end. • A worker job with no explicit tenant context throws rather than running unscoped. • Concurrency test: parallel requests for different tenants never bleed. | J10: New feature | K10: 6
A11: P02-T03 | B11: Encrypt sensitive columns at rest + secrets vault wiring | C11: P02 · Database-Enforced Isolation | D11: Hardening | E11: Database + Security | F11: Encryption | G11: Very important | H11: Encrypt connector credentials and other secret columns at rest using pgcrypto or app-side envelope encryption (ASP.NET Data Protection with a KEK from the secret store). Migrate existing plaintext secrets to ciphertext. Decrypt only in memory at point of use; never log secret values. | I11: • DB inspection shows ciphertext for secret columns (assert no plaintext pattern). • Round-trip encrypt/decrypt unit test. • Log-scan test: secrets never appear in logs. • Connectors still authenticate after migration (smoke). | J11: Hardening | K11: 10
A12: P02-T04 | B12: Targeted query-plan & index review for hot paths | C12: P02 · Database-Enforced Isolation | D12: Hardening | E12: Database | F12: Performance | G12: Important | H12: Capture EXPLAIN (ANALYZE, BUFFERS) for the heaviest read paths: genealogy walk, advanced-correlation feature load, dashboard read-models, and import-staging joins. Add covering/partial indexes where sequential scans dominate large tables and remove unused/duplicate indexes (today ≈160 indexes across ≈80 tables — coverage is decent, so this is targeted, not blanket). Record before/after timings in a committed benchmark note. | I12: • For each targeted query, EXPLAIN shows index usage (no seq scan on large tables) and a measured latency improvement is recorded. • Insert/write benchmark shows no throughput regression from added indexes. | J12: Hardening | K12: 8
A13: P02-T05 | B13: Phase 2 validation & regression gate | C13: P02 · Database-Enforced Isolation | D13: Testing | E13: Testing | F13: Regression | G13: Critical | H13: Build an isolation test pack (raw-SQL tenant-bleed attempts, forged tenant filters, worker scoping) and a secrets-at-rest pack; add both to CI. Re-run all suites and fix breakage — RLS frequently surfaces seeds/tests that relied on cross-tenant reads. | I13: • Isolation pack green and proves zero cross-tenant access. • Secrets pack green. • Full dotnet/npm/e2e suites green. • Deployed smoke confirms normal behavior under RLS. | J13: Test | K13: 6
... A66: P14-T04 | B66: Phase 14 validation & regression gate | C66: P14 · Compliance & Product-Module Refactor | D66: Testing | E66: Testing | F66: Regression | G66: Important | H66: Compliance (audit/DSAR/retention) + refactor characterization + naming/no-legacy packs; CI. Re-run suites and fix breakage. | I66: • Compliance + refactor + hygiene packs green. • Full suites green. • Deployed instance shows the audit trail + a DSAR export and the consolidated modules. | J66: Test | K66: 6

Sheet Phase Plan
A1: Phase | B1: Track | C1: Tasks | D1: Hours | E1: In 45–65h? | F1: Deployable outcome (what you can show at deploy)
A2: P01 · Security & Hygiene Foundation | B2: Hardening | C2: =COUNTIF('Task List'!$C:$C,$A2) -> 7 | D2: =SUMIF('Task List'!$C:$C,$A2,'Task List'!$K:$K) -> 53 | E2: =IF(AND(D2>=45,D2<=65),"OK","CHECK") -> OK | F2: A build you can safely put in front of a customer: no token in localStorage, Argon2id, secrets external, clean repo, trustworthy CI.
A3: P02 · Database-Enforced Isolation | B3: Hardening | C3: =COUNTIF('Task List'!$C:$C,$A3) -> 5 | D3: =SUMIF('Task List'!$C:$C,$A3,'Task List'!$K:$K) -> 46 | E3: =IF(AND(D3>=45,D3<=65),"OK","CHECK") -> OK | F3: Tenant data provably isolated at the database (RLS), secrets encrypted at rest, hot paths indexed.
A4: P03 · Time-Series Foundation | B4: Hardening | C4: =COUNTIF('Task List'!$C:$C,$A4) -> 4 | D4: =SUMIF('Task List'!$C:$C,$A4,'Task List'!$K:$K) -> 45 | E4: =IF(AND(D4>=45,D4<=65),"OK","CHECK") -> OK | F4: Telemetry on a time-series store with compression/retention; ingestion benchmarked for real historian volumes.
A5: P04 · Assistant Model Gateway & Data Boundary | B5: AI+ML | C5: =COUNTIF('Task List'!$C:$C,$A5) -> 6 | D5: =SUMIF('Task List'!$C:$C,$A5,'Task List'!$K:$K) -> 54 | E5: =IF(AND(D5>=45,D5<=65),"OK","CHECK") -> OK | F5: A real assistant answer from a configurable, governed model — redaction + grounding + audit + eval gate. Unblocks enterprise.
A6: P05 · No-Code Visual Mapper | B6: Workflow | C6: =COUNTIF('Task List'!$C:$C,$A6) -> 6 | D6: =SUMIF('Task List'!$C:$C,$A6,'Task List'!$K:$K) -> 58 | E6: =IF(AND(D6>=45,D6<=65),"OK","CHECK") -> OK | F6: Onboard a new source end-to-end through a visual flow with zero SQL; mapping code consolidated into a module.
A7: P06 · Blended Provenance & Canonical Depth | B7: Workflow | C7: =COUNTIF('Task List'!$C:$C,$A7) -> 5 | D7: =SUMIF('Task List'!$C:$C,$A7,'Task List'!$K:$K) -> 45 | E7: =IF(AND(D7>=45,D7<=65),"OK","CHECK") -> OK | F7: Honest weighted attribution for transition coils, flowing into value/risk; deeper drift + defect-catalog handling.
A8: P07 · Plant Connector Breadth | B8: Workflow | C8: =COUNTIF('Task List'!$C:$C,$A8) -> 4 | D8: =SUMIF('Task List'!$C:$C,$A8,'Task List'!$K:$K) -> 45 | E8: =IF(AND(D8>=45,D8<=65),"OK","CHECK") -> OK | F8: Read from a real historian/OPC source (read-only) with resumable backfill and honest connector-truth status.
A9: P08 · Enterprise Identity: MFA & Sessions | B9: Security | C9: =COUNTIF('Task List'!$C:$C,$A9) -> 4 | D9: =SUMIF('Task List'!$C:$C,$A9,'Task List'!$K:$K) -> 46 | E9: =IF(AND(D9>=45,D9<=65),"OK","CHECK") -> OK | F9: Multi-factor login and real session management (revoke, timeouts, lockout).
A10: P09 · Enterprise Identity: SSO & SCIM | B10: Security | C10: =COUNTIF('Task List'!$C:$C,$A10) -> 4 | D10: =SUMIF('Task List'!$C:$C,$A10,'Task List'!$K:$K) -> 48 | E10: =IF(AND(D10>=45,D10<=65),"OK","CHECK") -> OK | F10: Single sign-on and automated provisioning against an IdP for enterprise onboarding.
A11: P10 · Signed Licensing & Anti-Tamper | B11: Security | C11: =COUNTIF('Task List'!$C:$C,$A11) -> 4 | D11: =SUMIF('Task List'!$C:$C,$A11,'Task List'!$K:$K) -> 45 | E11: =IF(AND(D11>=45,D11<=65),"OK","CHECK") -> OK | F11: On-prem licensing you can trust: signed, offline-verifiable entitlements; tier no longer DB-editable.
A12: P11 · Outbound Notifications, Case Loop & Lead System | B12: Web | C12: =COUNTIF('Task List'!$C:$C,$A12) -> 4 | D12: =SUMIF('Task List'!$C:$C,$A12,'Task List'!$K:$K) -> 45 | E12: =IF(AND(D12>=45,D12<=65),"OK","CHECK") -> OK | F12: Real backend lead capture, outbound alerts, and closed-loop outcome measurement.
A13: P12 · Internationalization, RTL & Mobile | B13: FrontEnd | C13: =COUNTIF('Task List'!$C:$C,$A13) -> 4 | D13: =SUMIF('Task List'!$C:$C,$A13,'Task List'!$K:$K) -> 45 | E13: =IF(AND(D13>=45,D13<=65),"OK","CHECK") -> OK | F13: EN/DE/AR with correct RTL on key screens; mobile-clean consume-and-act flows.
... A15: P14 · Compliance & Product-Module Refactor | B15: Hardening | C15: =COUNTIF('Task List'!$C:$C,$A15) -> 4 | D15: =SUMIF('Task List'!$C:$C,$A15,'Task List'!$K:$K) -> 46 | E15: =IF(AND(D15>=45,D15<=65),"OK","CHECK") -> OK | F15: Audit-ready (audit trail, DSAR, retention; SOC2/ISO/GxP mapping) and product-shaped (modules consolidated, legacy client gone).
A16: TOTAL | C16: =SUM(C2:C15) -> 65 | D16: =SUM(D2:D15) -> 666

Sheet Dashboard
A2: Backlog Dashboard
A4: By Severity | B4: Tasks | C4: Hours | E4: By Task Type | F4: Tasks | G4: Hours
A5: Critical | B5: =COUNTIF('Task List'!$G:$G,$A5) -> 8 | C5: =SUMIF('Task List'!$G:$G,$A5,'Task List'!$K:$K) -> 75 | E5: Bug fix | F5: =COUNTIF('Task List'!$J:$J,$E5) -> 1 | G5: =SUMIF('Task List'!$J:$J,$E5,'Task List'!$K:$K) -> 10
A6: Very important | B6: =COUNTIF('Task List'!$G:$G,$A6) -> 17 | C6: =SUMIF('Task List'!$G:$G,$A6,'Task List'!$K:$K) -> 172 | E6: Hardening | F6: =COUNTIF('Task List'!$J:$J,$E6) -> 5 | G6: =SUMIF('Task List'!$J:$J,$E6,'Task List'!$K:$K) -> 42
A7: Important | B7: =COUNTIF('Task List'!$G:$G,$A7) -> 31 | C7: =SUMIF('Task List'!$G:$G,$A7,'Task List'!$K:$K) -> 339 | E7: Modification | F7: =COUNTIF('Task List'!$J:$J,$E7) -> 4 | G7: =SUMIF('Task List'!$J:$J,$E7,'Task List'!$K:$K) -> 43
A8: Normal | B8: =COUNTIF('Task List'!$G:$G,$A8) -> 9 | C8: =SUMIF('Task List'!$G:$G,$A8,'Task List'!$K:$K) -> 80 | E8: New feature | F8: =COUNTIF('Task List'!$J:$J,$E8) -> 32 | G8: =SUMIF('Task List'!$J:$J,$E8,'Task List'!$K:$K) -> 380
A9: Optional | B9: =COUNTIF('Task List'!$G:$G,$A9) -> 0 | C9: =SUMIF('Task List'!$G:$G,$A9,'Task List'!$K:$K) -> 0 | E9: Refactor | F9: =COUNTIF('Task List'!$J:$J,$E9) -> 7 | G9: =SUMIF('Task List'!$J:$J,$E9,'Task List'!$K:$K) -> 81
A10: Total | B10: =SUM(B5:B9) -> 65 | C10: =SUM(C5:C9) -> 666 | E10: Test | F10: =COUNTIF('Task List'!$J:$J,$E10) -> 16 | G10: =SUMIF('Task List'!$J:$J,$E10,'Task List'!$K:$K) -> 110
E11: Total | F11: =SUM(F5:F10) -> 65 | G11: =SUM(G5:G10) -> 666
A13: By Track | B13: Tasks | C13: Hours
A14: AI+ML | B14: =COUNTIF('Task List'!$D:$D,$A14) -> 5 | C14: =SUMIF('Task List'!$D:$D,$A14,'Task List'!$K:$K) -> 48
A15: Deploy | B15: =COUNTIF('Task List'!$D:$D,$A15) -> 3 | C15: =SUMIF('Task List'!$D:$D,$A15,'Task List'!$K:$K) -> 38
A16: FrontEnd | B16: =COUNTIF('Task List'!$D:$D,$A16) -> 3 | C16: =SUMIF('Task List'!$D:$D,$A16,'Task List'!$K:$K) -> 39
A17: Hardening | B17: =COUNTIF('Task List'!$D:$D,$A17) -> 16 | C17: =SUMIF('Task List'!$D:$D,$A17,'Task List'!$K:$K) -> 165
A18: Security | B18: =COUNTIF('Task List'!$D:$D,$A18) -> 9 | C18: =SUMIF('Task List'!$D:$D,$A18,'Task List'!$K:$K) -> 115
A19: Testing | B19: =COUNTIF('Task List'!$D:$D,$A19) -> 14 | C19: =SUMIF('Task List'!$D:$D,$A19,'Task List'!$K:$K) -> 96
A20: Web | B20: =COUNTIF('Task List'!$D:$D,$A20) -> 3 | C20: =SUMIF('Task List'!$D:$D,$A20,'Task List'!$K:$K) -> 37
A21: Workflow | B21: =COUNTIF('Task List'!$D:$D,$A21) -> 12 | C21: =SUMIF('Task List'!$D:$D,$A21,'Task List'!$K:$K) -> 128
A22: Total | B22: =SUM(B14:B21) -> 65 | C22: =SUM(C14:C21) -> 666
A24: Grand total — tasks | B24: =COUNTA('Task List'!$A$2:$A$66) -> 65
A25: Grand total — hours | B25: =SUM('Task List'!$K$2:$K$66) -> 666
A26: Phases | B26: 14
