Workbook

Sheet Backlog
A1: PPIQ PRODUCT BACKLOG v23 - golden-chain M1 / hardening M2 - 16-Jul-2026 (meeting ~20-Jul). Derives from: concept v1.1, Amendment 7, senior recs 1-17, State Assessment 16-Jul. IDs frozen; removed/done items on the Removed sheet.
A2: ID | B2: Milestone | C2: Phase | D2: Group | E2: Task Name | F2: Severity | G2: Type | H2: Module | I2: Description | J2: Validation | K2: Est (h) | L2: Origin
A3: M1-18 | B3: M1 | C3: M1-P1 Golden Chain | D3: G0 Runtime | E3: Protect the work: logical commits on presentation, safety tag, senior-diff review, merge to main | F3: Critical | G3: governance | H3: Repo | I3: Senior recs 1+5: the 15-16 Jul tree is entirely uncommitted and shared by both branches. Commit in logical units (mojibake fix / presentation profile / workspace wiring / docs), tag pre-merge, read the full presentation->main diff (incl. the parallel-session InteractiveWorkspacePage), run backend+frontend gates, merge, delete branch. One long-lived branch from here. | J3: git log shows logical commits; tag exists; gates green on merged main; presentation branch deleted; working tree clean. | K3: 1 | L3: NEW 16-Jul (senior recs 1,5)
A4: M1-19 | B4: M1 | C4: M1-P1 Golden Chain | D4: G1 Import | E4: Oracle live FOR REAL: PPIQ_SRC on CP-04/CP-06 + proven test-connect and discovery | F4: Critical | G4: defect fix | H4: Connectors | I4: Open since 15-Jul; red banner captured in 16-Jul screenshot. Enter Schema Name PPIQ_SRC on both Oracle profiles, prove test-connect and live table discovery in the HMI. Until green, the phrase 'live Oracle connector' is banned from customer-facing language (senior rec 12). | J4: Discovery lists PPIQ_SRC tables for both profiles in the UI; dated screenshot; zero red banners on the connections walk. | K4: 0.5 | L4: NEW 16-Jul (defect #1)
A5: M1-20 | B5: M1 | C5: M1-P1 Golden Chain | D5: G1 Import | E5: GOLDEN EVIDENCE CHAIN part 1: execute Import Registration Runsheet A-E into ppiq_presentation | F5: Critical | G5: execution | H5: Pipeline | I5: The chain the demo IS (senior rec 6): fresh import batch -> staging -> mapping -> canonical rows -> genealogy, executed live against the fleet sources INTO the presentation DB on top of the restored base. Record every batch ID. Taxonomy-first: definitions views import before facts (absorbs old M1-08 re-import). | J5: Batch IDs recorded per phase; staging/canonical counts pasted; genealogy walk heat->slab->coil resolves from THIS batch's rows; certifier S02/S03/S06 flip green. | K5: 6 | L5: REWRITE v22 M1-08 (4h) + runsheet
A6: M1-21 | B6: M1 | C6: M1-P1 Golden Chain | D6: G3 Engine | E6: GOLDEN EVIDENCE CHAIN part 2: fresh governed run -> 9.3x signal + 1.0x null, linked end-to-end | F6: Critical | G6: execution | H6: Engine | I6: Senior recs 7+16: historical findings prove nothing about this import. Run the governed learning job over the imported window; the money finding must carry current batch ID, run ID, window, population, effect, q-value, and reject the SCRATCH null control at ~1.0x. Customer wording fixed: 'engine recovered a planted validation signal and rejected a null control - validates the method; ROI is what the pilot measures.' | J6: results_v2 rows reference the NEW run id; SUPERHEAT->CRACK_LONG ~9.3x with q<0.01; SCRATCH ~1.0x; evidence record renders in HMI; wording in deck matches. | K6: 3 | L6: NEW 16-Jul (senior recs 6,7,16)
A7: M1-01 | B7: M1 | C7: M1-P1 Golden Chain | D7: G2 Assistant | E7: GOLDEN EVIDENCE CHAIN part 3: assistant cites the imported corpus | F7: Critical | G7: validation | H7: Assistant | I7: Infrastructure exists (canon.assistant_chunk, reindex endpoint); what remains is PROOF on the imported plant: reindex, then the grounded-answer walk. Chain terminus: a cited answer about data the customer watched arrive. | J7: POST /api/assistant/reindex -> 200, chunkCount>=20; 'which source tables are registered?' -> isRefusal=false with >=1 citation resolving in UI; predictive question still refuses. | K7: 3 | L7: REWRITE v22 M1-01 (10h; build done, proof remains)
A8: M1-03 | B8: M1 | C8: M1-P1 Golden Chain | D8: G1 Import | E8: Taxonomy-first proven through the chain (definitions arrive by DB-link with provenance) | F8: Very important | G8: validation | H8: Pipeline | I8: Clarified Rule 2 stands: defect/parameter taxonomy imported from the source taxonomy views (v_parameter_definitions 26 rows, v_defect_definitions 20, CASTER 4, HSM 7), never hand-inserted. Verified as part of M1-20 Phase A with explicit counts. | J8: defect_catalogs/parameter_definitions gain rows with connector source_system; counts match the four source views exactly. | K8: 2 | L8: REWRITE v22 M1-03 (3h)
A9: M1-09 | B9: M1 | C9: M1-P1 Golden Chain | D9: G3 Engine | E9: Finding read hygiene: latest-run dedup view + odds ratio + population surfaced | F9: Very important | G9: enhancement | H9: Engine | I9: results_v2 shows duplicate rows across runs; the engineer will notice. Latest-run-per-job read view (dedup) + OR + population in the finding payload so the fresh 9.3x displays cleanly. | J9: Finding list shows one row per feature/outcome (latest run); the fresh finding displays OR with q-value and population. | K9: 2 | L9: CARRIED v22 M1-09
A10: M1-22 | B10: M1 | C10: M1-P1 Golden Chain | D10: G12 UX | E10: Step-13 Suggestion 401: map the route or fence the page for the demo | F10: Critical | G10: defect fix | H10: Frontend | I10: Red 'SUGGESTION RUNTIME NOT REACHABLE: 401 UNAUTHORIZED' banner captured in screenshot - almost certainly an unmapped route in the deny-by-default access matrix (same class as the M1-05-era POST 403). Fix properly; if not green by Day 3 end, hide from nav - no red banners in the room. | J10: Page loads clean with a real recommendation path OR page absent from nav; full walk shows zero error banners. | K10: 2 | L10: NEW 16-Jul (defect #2)
A11: M1-23 | B11: M1 | C11: M1-P2 Verify & Rehearse | D11: G12 UX | E11: Command Dashboard KPI wiring: Quality events + Risk read real values | F11: Very important | G11: defect fix | H11: Frontend | I11: Materials KPI reads 40,148 but Quality events and Risk show '-' against 51,691 events - a read-model/key mismatch, screenshot-evidenced. Cosmetic but on the step-7 centerpiece. | J11: Both KPIs display numbers matching direct SQL counts on ppiq_presentation. | K11: 2 | L11: NEW 16-Jul (defect #3)
A12: M1-11 | B12: M1 | C12: M1-P2 Verify & Rehearse | D12: G16 Demo | E12: Evidence-graded browser certification: 15-step walk + 12 workspaces to [P] grade | F12: Critical | G12: validation | H12: All | I12: Senior recs 8+9: workspaces are [D]+[B] until a browser proves them. One consolidated pass (absorbs old M1-02 jobs-monitor check): all 15 steps + all 12 workspaces graded [P]/[B]/[T]/[D]/[X] - rendering, drag, resize, min/max, filtering, click-to-filter, layout save, reload persistence. Every FAIL becomes a numbered bug BEFORE rehearsal. | J12: Graded checklist committed under docs/ with dated screenshots; no [X] on the demo path; each [D] has a spoken sentence. | K12: 4 | L12: REWRITE v22 M1-11+M1-02 (6h)
A13: M1-24 | B13: M1 | C13: M1-P2 Verify & Rehearse | D13: G4 Quality | E13: Review the parallel-session code: InteractiveWorkspacePage + 20:15 pack + journey-professional.css | F13: Very important | G13: review | H13: Frontend | I13: Unreviewed code sits on the demo path: the workspace page (origin unknown to this session), five rewritten surfaces, and a 496-line global stylesheet imported first. Read the diff, browser-verify the restyle on every demo screen, fix Sev-1s only. | J13: Review notes committed; global CSS verified on all demo screens; Sev-1 findings fixed or reverted. | K13: 1 | L13: NEW 16-Jul (defect #8)
A14: M1-25 | B14: M1 | C14: M1-P2 Verify & Rehearse | D14: G4 Quality | E14: Gate hygiene: delete stale JourneyRail.test.tsx after rail browser check | F14: Nice to have | G14: cleanup | H14: Tests | I14: Old M1-17 test superseded by the certification suite; red for structural reasons (labels wrapped in nested spans). Verify the rail visually, then delete the stale test - never loosen a matcher to force green. | J14: Rail visually correct; stale test deleted; full vitest suite green. | K14: 0.5 | L14: NEW 16-Jul (defect #4)
... A49: M3-06 | B49: M3 | C49: M3-P1 | D49: G13 Deploy | E49: HA + multi-plant deployment hardening | F49: Nice to have | G49: infrastructure | H49: Deploy | I49: Failover story, per-plant isolation review, installer runbook (sysadmin auto-provision, Customer Admin manual per Golden Rule). | J49: Documented install executes on a clean VM end-to-end. | K49: 8 | L49: CARRIED v22 M3-06

Sheet Phase Summary
A1: PHASE SUMMARY - PPIQ Backlog v23 (formulas over the Backlog sheet)
A2: Milestone | B2: Phase | C2: Tasks | D2: Hours | E2: Critical
A3: M1 | B3: M1-P1 Golden Chain | C3: =COUNTIFS(Backlog!$C$3:$C$49,B3) -> 8 | D3: =SUMIFS(Backlog!$K$3:$K$49,Backlog!$C$3:$C$49,B3) -> 19.5 | E3: =COUNTIFS(Backlog!$C$3:$C$49,B3,Backlog!$F$3:$F$49,"Critical") -> 6
A4: M1 | B4: M1-P2 Verify & Rehearse | C4: =COUNTIFS(Backlog!$C$3:$C$49,B4) -> 10 | D4: =SUMIFS(Backlog!$K$3:$K$49,Backlog!$C$3:$C$49,B4) -> 21 | E4: =COUNTIFS(Backlog!$C$3:$C$49,B4,Backlog!$F$3:$F$49,"Critical") -> 4
A5: M2 | B5: M2-P1 | C5: =COUNTIFS(Backlog!$C$3:$C$49,B5) -> 8 | D5: =SUMIFS(Backlog!$K$3:$K$49,Backlog!$C$3:$C$49,B5) -> 102 | E5: =COUNTIFS(Backlog!$C$3:$C$49,B5,Backlog!$F$3:$F$49,"Critical") -> 8
A6: M2 | B6: M2-P2 | C6: =COUNTIFS(Backlog!$C$3:$C$49,B6) -> 7 | D6: =SUMIFS(Backlog!$K$3:$K$49,Backlog!$C$3:$C$49,B6) -> 38 | E6: =COUNTIFS(Backlog!$C$3:$C$49,B6,Backlog!$F$3:$F$49,"Critical") -> 3
A7: M2 | B7: M2-P3 | C7: =COUNTIFS(Backlog!$C$3:$C$49,B7) -> 8 | D7: =SUMIFS(Backlog!$K$3:$K$49,Backlog!$C$3:$C$49,B7) -> 45.5 | E7: =COUNTIFS(Backlog!$C$3:$C$49,B7,Backlog!$F$3:$F$49,"Critical") -> 1
A8: M3 | B8: M3-P1 | C8: =COUNTIFS(Backlog!$C$3:$C$49,B8) -> 6 | D8: =SUMIFS(Backlog!$K$3:$K$49,Backlog!$C$3:$C$49,B8) -> 46 | E8: =COUNTIFS(Backlog!$C$3:$C$49,B8,Backlog!$F$3:$F$49,"Critical") -> 1
A9: M1 TOTAL | C9: =COUNTIFS(Backlog!$B$3:$B$49,"M1") -> 18 | D9: =SUMIFS(Backlog!$K$3:$K$49,Backlog!$B$3:$B$49,"M1") -> 40.5 | E9: =COUNTIFS(Backlog!$B$3:$B$49,"M1",Backlog!$F$3:$F$49,"Critical") -> 10
A10: M2 TOTAL | C10: =COUNTIFS(Backlog!$B$3:$B$49,"M2") -> 23 | D10: =SUMIFS(Backlog!$K$3:$K$49,Backlog!$B$3:$B$49,"M2") -> 185.5 | E10: =COUNTIFS(Backlog!$B$3:$B$49,"M2",Backlog!$F$3:$F$49,"Critical") -> 12
A11: M3 TOTAL | C11: =COUNTIFS(Backlog!$B$3:$B$49,"M3") -> 6 | D11: =SUMIFS(Backlog!$K$3:$K$49,Backlog!$B$3:$B$49,"M3") -> 46 | E11: =COUNTIFS(Backlog!$B$3:$B$49,"M3",Backlog!$F$3:$F$49,"Critical") -> 1
A12: GRAND TOTAL | C12: =COUNTA(Backlog!$A$3:$A$49) -> 47 | D12: =SUM(Backlog!$K$3:$K$49) -> 272 | E12: =COUNTIFS(Backlog!$F$3:$F$49,"Critical") -> 23

Sheet Removed (Done-Invalid)
A1: REMOVED FROM v22 - traceability (nothing silently deleted)
A2: v22 ID | B2: Disposition | C2: Task | D2: Evidence / destination
A3: M1-04 | B3: DONE | C3: Step-4 mapping UI authors MappingDefinition through the HMI | D3: Proven in walk + certification tests (failedRows contract fixed 16-Jul). Evidence: walk doc [V] rows; suite green.
A4: M1-10 | B4: DONE | C4: Production error shape (no stack traces to clients) | D4: Walk P6/P10 verify the {title,errorCode,traceId} shape live [V].
A5: M1-13 | B5: DONE | C5: ppiq.ps1 API readiness poll | D5: Walk P2 cites the M1-13 line as live [V].
A6: M1-17 | B6: DONE | C6: Journey progress rail (step X of 15) | D6: Rail live in 16-Jul screenshots; certification test green; stale old test removal = new M1-25.
A7: M1-07 | B7: DONE (frontend) | C7: Arch-B frontend removal | D7: Two-Stage ghost card excised 15-Jul (SHA-confirmed). Backend residue folded into M2-20 eradication epic.
A8: M1-02 | B8: MERGED | C8: Jobs Monitor four job types honest | D8: Merged into M1-11 evidence-graded certification (one browser pass, one checklist).
A9: M1-08 | B9: SUPERSEDED | C9: Purge + re-import into ppiq_app | D9: Purge done 14-Jul. Re-import superseded by M1-20 golden chain into ppiq_presentation (strategy: senior recs 2,3).
A10: M1-16 | B10: MOVED | C10: Register page explicit job binding | D10: Not customer-critical (senior rec 17). Now M2-24.
